job,experiment,seed,split,epochs,best_epoch,map,map50,precision,recall,f1,box_map,box_map50,fp_per_image,tp,fp,fn,images,checkpoint
H0_R_seed0,H0_R,0,Validation,150,137,0.2574295059264732,0.5513537993911699,0.578125,0.5967741935483871,0.5873015873015873,0.31955607178981604,0.6271364482824701,0.54,74,54,50,100,artifacts/s8_real_campaign/run_v1/jobs/H0_R_seed0/training_state/best_mask_0.pt
H0_R_seed0,H0_R,0,Test,150,137,0.21118275305505718,0.4714970563482188,0.512,0.5079365079365079,0.5099601593625498,0.28384259870756,0.555436005696462,0.61,128,122,124,200,artifacts/s8_real_campaign/run_v1/jobs/H0_R_seed0/training_state/best_mask_0.pt
H1_R_seed0,H1_R,0,Validation,150,114,0.2623257476531603,0.5916538189729103,0.562962962962963,0.6129032258064516,0.5868725868725869,0.29285250302078075,0.6800288855325012,0.59,76,59,48,100,artifacts/s8_real_campaign/run_v1/jobs/H1_R_seed0/training_state/best_mask_1.pt
H1_R_seed0,H1_R,0,Test,150,114,0.217995745327234,0.4975309590951852,0.5150375939849624,0.5436507936507936,0.5289575289575289,0.25821914647270755,0.5823241596519874,0.645,137,129,115,200,artifacts/s8_real_campaign/run_v1/jobs/H1_R_seed0/training_state/best_mask_1.pt
L0_seed0,L0,0,Validation,150,141,0.16005883814432637,0.3925926450248351,0.5,0.45161290322580644,0.47457627118644063,0.17758922561567086,0.44091106690930026,0.56,56,56,68,100,artifacts/s8_real_campaign/run_v1/jobs/L0_seed0/training_state/best_mask_1.pt
L0_seed0,L0,0,Test,150,141,0.13002420900672157,0.3095511744946018,0.4712041884816754,0.35714285714285715,0.40632054176072235,0.15511435215724198,0.35536365084322785,0.505,90,101,162,200,artifacts/s8_real_campaign/run_v1/jobs/L0_seed0/training_state/best_mask_1.pt
L0_seed1,L0,1,Validation,150,131,0.16804639053936668,0.38644659463414816,0.46551724137931033,0.43548387096774194,0.45,0.1920095889340483,0.4427771660688825,0.62,54,62,70,100,artifacts/s8_real_campaign/run_v1/jobs/L0_seed1/training_state/best_mask_1.pt
L0_seed1,L0,1,Test,150,131,0.12851816437999836,0.2910356825255771,0.4114583333333333,0.3134920634920635,0.3558558558558559,0.14578206782911313,0.35039003566232146,0.565,79,113,173,200,artifacts/s8_real_campaign/run_v1/jobs/L0_seed1/training_state/best_mask_1.pt
L0_seed2,L0,2,Validation,150,132,0.1518684147408929,0.38360500594763913,0.5204081632653061,0.4112903225806452,0.4594594594594595,0.18731113863644114,0.4497453599795524,0.47,51,47,73,100,artifacts/s8_real_campaign/run_v1/jobs/L0_seed2/training_state/best_mask_1.pt
L0_seed2,L0,2,Test,150,132,0.126916290093948,0.30216650411752505,0.47126436781609193,0.3253968253968254,0.3849765258215963,0.1448946231446379,0.3501976693097656,0.46,82,92,170,200,artifacts/s8_real_campaign/run_v1/jobs/L0_seed2/training_state/best_mask_1.pt
M0_seed0,M0,0,Validation,150,137,0.25968132464067384,0.554859175362826,0.5373134328358209,0.5806451612903226,0.5581395348837209,0.30882478444813066,0.6421823642692268,0.62,72,62,52,100,artifacts/s8_real_campaign/run_v1/jobs/M0_seed0/training_state/best_mask_0.pt
M0_seed0,M0,0,Test,150,137,0.21865790381774527,0.4799370851378653,0.5,0.49603174603174605,0.49800796812749004,0.27865147869273094,0.555324546433863,0.625,125,125,127,200,artifacts/s8_real_campaign/run_v1/jobs/M0_seed0/training_state/best_mask_0.pt
M0_seed1,M0,1,Validation,150,143,0.2685104296106106,0.5905792408040702,0.5725190839694656,0.6048387096774194,0.5882352941176472,0.3368081314101991,0.6849363543902128,0.56,75,56,49,100,artifacts/s8_real_campaign/run_v1/jobs/M0_seed1/training_state/best_mask_0.pt
M0_seed1,M0,1,Test,150,143,0.2128628061564967,0.4835929146506166,0.5101214574898786,0.5,0.5050100200400801,0.271930805861278,0.5577596263465603,0.605,126,121,126,200,artifacts/s8_real_campaign/run_v1/jobs/M0_seed1/training_state/best_mask_0.pt
M0_seed2,M0,2,Validation,150,111,0.2588015973668992,0.5227615428580504,0.5317460317460317,0.5403225806451613,0.5359999999999999,0.29856114786908516,0.5902874816011441,0.59,67,59,57,100,artifacts/s8_real_campaign/run_v1/jobs/M0_seed2/training_state/best_mask_0.pt
M0_seed2,M0,2,Test,150,111,0.19948272703531447,0.4423967767026813,0.49372384937238495,0.46825396825396826,0.4806517311608962,0.2493297143286907,0.5194097695967456,0.605,118,121,134,200,artifacts/s8_real_campaign/run_v1/jobs/M0_seed2/training_state/best_mask_0.pt
A0_seed0,A0,0,Validation,40,40,0.22243984439067188,0.5392501625945958,0.625,0.4838709677419355,0.5454545454545454,0.2617296322959927,0.5794876727718433,0.36,60,36,64,100,artifacts/s8_heuristic_training/run_v1/jobs/A0_seed0/training_state/best_mask_1.pt
A1_seed0,A1,0,Validation,40,34,0.21729253770376852,0.5439765446897357,0.6238532110091743,0.5483870967741935,0.5836909871244634,0.26922730254467775,0.6007937104750425,0.41,68,41,56,100,artifacts/s8_heuristic_training/run_v1/jobs/A1_seed0/training_state/best_mask_0.pt
A2_seed0,A2,0,Validation,40,37,0.23358372908301864,0.534450083248105,0.6226415094339622,0.532258064516129,0.5739130434782608,0.2813796789196146,0.6262959813155335,0.4,66,40,58,100,artifacts/s8_heuristic_training/run_v1/jobs/A2_seed0/training_state/best_mask_1.pt
A3_seed0,A3,0,Validation,40,40,0.21004197758422166,0.5280368645472955,0.5575221238938053,0.5080645161290323,0.5316455696202532,0.26725354701722975,0.5718028535566734,0.5,63,50,61,100,artifacts/s8_heuristic_training/run_v1/jobs/A3_seed0/training_state/best_mask_1.pt
A4_seed0,A4,0,Validation,40,34,0.22189634561850174,0.5293839460604053,0.5700934579439252,0.49193548387096775,0.528138528138528,0.2777140541721269,0.5859531769231895,0.46,61,46,63,100,artifacts/s8_heuristic_training/run_v1/jobs/A4_seed0/training_state/best_mask_1.pt
A5_seed0,A5,0,Validation,40,34,0.21639271857270362,0.49811883672541163,0.5865384615384616,0.49193548387096775,0.5350877192982456,0.24387318112956144,0.5784126119343104,0.43,61,43,63,100,artifacts/s8_heuristic_training/run_v1/jobs/A5_seed0/training_state/best_mask_1.pt
H0_S_seed0,H0_S,0,Validation,150,149,0.32356828808663785,0.6756999618419974,0.6585365853658537,0.6532258064516129,0.6558704453441295,0.3802500656447928,0.7174637070752006,0.42,81,42,43,100,artifacts/s8_heuristic_training/run_v1/jobs/H0_S_seed0/training_state/best_mask_0.pt
H0_S_seed0,H0_S,0,Test,150,149,0.29155067119336886,0.5797055634936942,0.6092436974789915,0.5753968253968254,0.5918367346938775,0.3559688346574571,0.6249573215933294,0.465,145,93,107,200,artifacts/s8_heuristic_training/run_v1/jobs/H0_S_seed0/training_state/best_mask_0.pt
H1_S_seed0,H1_S,0,Validation,150,121,0.3221143921315691,0.6833576556791017,0.6771653543307087,0.6935483870967742,0.6852589641434264,0.376299698118421,0.7567621391928556,0.41,86,41,38,100,artifacts/s8_heuristic_training/run_v1/jobs/H1_S_seed0/training_state/best_mask_0.pt
H1_S_seed0,H1_S,0,Test,150,121,0.3071236304917851,0.584677765345165,0.6324786324786325,0.5873015873015873,0.6090534979423867,0.3417066013399196,0.6381819708585847,0.43,148,86,104,200,artifacts/s8_heuristic_training/run_v1/jobs/H1_S_seed0/training_state/best_mask_0.pt
L1_seed0,L1,0,Validation,150,135,0.22571542327806235,0.49058491168123886,0.5333333333333333,0.5161290322580645,0.5245901639344263,0.25300413858817905,0.5559031844032104,0.56,64,56,60,100,artifacts/s8_heuristic_training/run_v1/jobs/L1_seed0/training_state/best_mask_0.pt
L1_seed0,L1,0,Test,150,135,0.18677663091755003,0.3944787355763369,0.4928909952606635,0.4126984126984127,0.44924406047516197,0.23254711675184442,0.44828388267459424,0.535,104,107,148,200,artifacts/s8_heuristic_training/run_v1/jobs/L1_seed0/training_state/best_mask_0.pt
L1_seed1,L1,1,Validation,150,109,0.19300413469078043,0.4189891413547848,0.4954954954954955,0.4435483870967742,0.46808510638297873,0.2335912887101807,0.47748155645695695,0.56,55,56,69,100,artifacts/s8_heuristic_training/run_v1/jobs/L1_seed1/training_state/best_mask_0.pt
L1_seed1,L1,1,Test,150,109,0.1761594925634292,0.39998784146207383,0.5221674876847291,0.42063492063492064,0.4659340659340659,0.2170260112298689,0.45080869572521043,0.485,106,97,146,200,artifacts/s8_heuristic_training/run_v1/jobs/L1_seed1/training_state/best_mask_0.pt
L1_seed2,L1,2,Validation,150,121,0.22957588582201155,0.4983855728814153,0.5079365079365079,0.5161290322580645,0.512,0.2609908269256088,0.5514304166961604,0.62,64,62,60,100,artifacts/s8_heuristic_training/run_v1/jobs/L1_seed2/training_state/best_mask_1.pt
L1_seed2,L1,2,Test,150,121,0.19316210333725164,0.4220659676407735,0.5094339622641509,0.42857142857142855,0.46551724137931033,0.22957986444597683,0.45991023762010796,0.52,108,104,144,200,artifacts/s8_heuristic_training/run_v1/jobs/L1_seed2/training_state/best_mask_1.pt
M1_seed0,M1,0,Validation,150,111,0.33204882581015316,0.6898233085097762,0.6854838709677419,0.6854838709677419,0.6854838709677419,0.3847666760619302,0.6840827530635173,0.39,85,39,39,100,artifacts/s8_heuristic_training/run_v1/jobs/M1_seed0/training_state/best_mask_0.pt
M1_seed0,M1,0,Test,150,111,0.2990310354183012,0.5819694886195723,0.6147186147186147,0.5634920634920635,0.587991718426501,0.33587738705877007,0.6159389676349714,0.445,142,89,110,200,artifacts/s8_heuristic_training/run_v1/jobs/M1_seed0/training_state/best_mask_0.pt
M1_seed1,M1,1,Validation,150,94,0.33194957639724193,0.6892271173283462,0.6776859504132231,0.6612903225806451,0.6693877551020408,0.3849209452616912,0.7216951002903894,0.39,82,39,42,100,artifacts/s8_heuristic_training/run_v1/jobs/M1_seed1/training_state/best_mask_1.pt
M1_seed1,M1,1,Test,150,94,0.2860458170246375,0.564375298880027,0.6422018348623854,0.5555555555555556,0.5957446808510639,0.33514986017011145,0.6316996510190519,0.39,140,78,112,200,artifacts/s8_heuristic_training/run_v1/jobs/M1_seed1/training_state/best_mask_1.pt
M1_seed2,M1,2,Validation,150,146,0.3296729999905566,0.6638557972856538,0.6349206349206349,0.6451612903225806,0.64,0.3741809726267166,0.7019971941887029,0.46,80,46,44,100,artifacts/s8_heuristic_training/run_v1/jobs/M1_seed2/training_state/best_mask_1.pt
M1_seed2,M1,2,Test,150,146,0.28917712204490015,0.5730477104327727,0.5813008130081301,0.5674603174603174,0.5742971887550201,0.3436153648573671,0.6471719018628492,0.515,143,103,109,200,artifacts/s8_heuristic_training/run_v1/jobs/M1_seed2/training_state/best_mask_1.pt
L2_seed0,L2,0,Validation,150,82,0.2843135765242602,0.5891364392219867,0.6101694915254238,0.5806451612903226,0.5950413223140496,0.2980092445939556,0.6051427242157011,0.46,72,46,52,100,artifacts/s8_anydoor_campaign/run_v1/jobs/L2_seed0/training_state/best_mask_0.pt
L2_seed0,L2,0,Test,150,82,0.2239240404800284,0.457337081706252,0.512396694214876,0.49206349206349204,0.5020242914979757,0.2487103844119815,0.4888201853495203,0.59,124,118,128,200,artifacts/s8_anydoor_campaign/run_v1/jobs/L2_seed0/training_state/best_mask_0.pt
L2_seed1,L2,1,Validation,150,119,0.2717810413011973,0.5994831259029516,0.6333333333333333,0.6129032258064516,0.6229508196721313,0.31223480817958676,0.617896103102066,0.44,76,44,48,100,artifacts/s8_anydoor_campaign/run_v1/jobs/L2_seed1/training_state/best_mask_1.pt
L2_seed1,L2,1,Test,150,119,0.2068760814179918,0.4338406519146535,0.5065502183406113,0.4603174603174603,0.4823284823284823,0.2536908296218156,0.49455776635527837,0.565,116,113,136,200,artifacts/s8_anydoor_campaign/run_v1/jobs/L2_seed1/training_state/best_mask_1.pt
L2_seed2,L2,2,Validation,150,109,0.2949488964653455,0.6296841711544565,0.5984848484848485,0.6370967741935484,0.6171875,0.32978022920721084,0.6229800316614142,0.53,79,53,45,100,artifacts/s8_anydoor_campaign/run_v1/jobs/L2_seed2/training_state/best_mask_1.pt
L2_seed2,L2,2,Test,150,109,0.22963251407912916,0.4608752496419435,0.48863636363636365,0.5119047619047619,0.4999999999999999,0.25366982794538234,0.4940499307022632,0.675,129,135,123,200,artifacts/s8_anydoor_campaign/run_v1/jobs/L2_seed2/training_state/best_mask_1.pt
L3_seed0,L3,0,Validation,150,126,0.2721629853278082,0.5374393563635116,0.6448598130841121,0.5564516129032258,0.5974025974025974,0.28560324606708093,0.5921487254655604,0.38,69,38,55,100,artifacts/s8_anydoor_campaign/run_v1/jobs/L3_seed0/training_state/best_mask_1.pt
L3_seed0,L3,0,Test,150,126,0.21353334550948072,0.4665362227549047,0.5283842794759825,0.4801587301587302,0.5031185031185031,0.23741492611066253,0.5141727291111121,0.54,121,108,131,200,artifacts/s8_anydoor_campaign/run_v1/jobs/L3_seed0/training_state/best_mask_1.pt
L3_seed1,L3,1,Validation,150,115,0.23885485366162515,0.5624577952001751,0.6083333333333333,0.5887096774193549,0.5983606557377049,0.2715718265806767,0.6113529733447745,0.47,73,47,51,100,artifacts/s8_anydoor_campaign/run_v1/jobs/L3_seed1/training_state/best_mask_0.pt
L3_seed1,L3,1,Test,150,115,0.20079585180919607,0.3991301129750714,0.47767857142857145,0.4246031746031746,0.4495798319327731,0.22651695030930372,0.459632412243634,0.585,107,117,145,200,artifacts/s8_anydoor_campaign/run_v1/jobs/L3_seed1/training_state/best_mask_0.pt
L3_seed2,L3,2,Validation,150,109,0.2805180610004028,0.5882928423913574,0.6239316239316239,0.5887096774193549,0.6058091286307054,0.31705194158356653,0.6328539189579212,0.44,73,44,51,100,artifacts/s8_anydoor_campaign/run_v1/jobs/L3_seed2/training_state/best_mask_1.pt
L3_seed2,L3,2,Test,150,109,0.1933843072130269,0.4088494691141922,0.46153846153846156,0.4523809523809524,0.4569138276553106,0.2088817754844829,0.432626370749977,0.665,114,133,138,200,artifacts/s8_anydoor_campaign/run_v1/jobs/L3_seed2/training_state/best_mask_1.pt
M2_seed0,M2,0,Validation,150,128,0.4026145263082312,0.7153261032953034,0.6742424242424242,0.717741935483871,0.6953125,0.39975913533852336,0.7337735062824146,0.43,89,43,35,100,artifacts/s8_anydoor_campaign/run_v1/jobs/M2_seed0/training_state/best_mask_1.pt
M2_seed0,M2,0,Test,150,128,0.3169263553716206,0.6195654606257783,0.6408163265306123,0.623015873015873,0.6317907444668007,0.3542624940788282,0.6347786940920973,0.44,157,88,95,200,artifacts/s8_anydoor_campaign/run_v1/jobs/M2_seed0/training_state/best_mask_1.pt
M2_seed1,M2,1,Validation,150,138,0.3775500658122376,0.7388425801259102,0.7258064516129032,0.7258064516129032,0.7258064516129032,0.4106580834894419,0.7463786443024102,0.34,90,34,34,100,artifacts/s8_anydoor_campaign/run_v1/jobs/M2_seed1/training_state/best_mask_0.pt
M2_seed1,M2,1,Test,150,138,0.32625240208053313,0.6076013533604997,0.6816143497757847,0.6031746031746031,0.64,0.35958415238355557,0.6528642718836617,0.355,152,71,100,200,artifacts/s8_anydoor_campaign/run_v1/jobs/M2_seed1/training_state/best_mask_0.pt
M2_seed2,M2,2,Validation,150,123,0.39723562583321925,0.722839790315003,0.743801652892562,0.7258064516129032,0.7346938775510203,0.4042952959584613,0.7383161584855007,0.31,90,31,34,100,artifacts/s8_anydoor_campaign/run_v1/jobs/M2_seed2/training_state/best_mask_0.pt
M2_seed2,M2,2,Test,150,123,0.31655360351086503,0.5891094781429551,0.5952380952380952,0.5952380952380952,0.5952380952380952,0.35651388095725617,0.6445903723483317,0.51,150,102,102,200,artifacts/s8_anydoor_campaign/run_v1/jobs/M2_seed2/training_state/best_mask_0.pt
M3_seed0,M3,0,Validation,150,135,0.38674221094381883,0.7311182410266284,0.6814814814814815,0.7419354838709677,0.7104247104247104,0.4049099666403043,0.7476533645580536,0.43,92,43,32,100,artifacts/s8_anydoor_campaign/run_v1/jobs/M3_seed0/training_state/best_mask_0.pt
M3_seed0,M3,0,Test,150,135,0.31332507627453066,0.5975136674772705,0.6483050847457628,0.6071428571428571,0.6270491803278689,0.35813598646337425,0.6559234322247314,0.415,153,83,99,200,artifacts/s8_anydoor_campaign/run_v1/jobs/M3_seed0/training_state/best_mask_0.pt
M3_seed1,M3,1,Validation,150,124,0.37283664727808097,0.6994628033729393,0.6231884057971014,0.6935483870967742,0.6564885496183207,0.38521765270643543,0.7242857813625737,0.52,86,52,38,100,artifacts/s8_anydoor_campaign/run_v1/jobs/M3_seed1/training_state/best_mask_1.pt
M3_seed1,M3,1,Test,150,124,0.2916300244684895,0.5695786234128378,0.5846774193548387,0.5753968253968254,0.5800000000000001,0.3443082702086468,0.6402237529373589,0.515,145,103,107,200,artifacts/s8_anydoor_campaign/run_v1/jobs/M3_seed1/training_state/best_mask_1.pt
M3_seed2,M3,2,Validation,150,103,0.38852018445565045,0.7149962187578911,0.6376811594202898,0.7096774193548387,0.6717557251908397,0.40514238799761787,0.7491239311352205,0.5,88,50,36,100,artifacts/s8_anydoor_campaign/run_v1/jobs/M3_seed2/training_state/best_mask_0.pt
M3_seed2,M3,2,Test,150,103,0.29454224216516633,0.5931433914353589,0.623015873015873,0.623015873015873,0.623015873015873,0.33698351920433967,0.6429325688906462,0.475,157,95,95,200,artifacts/s8_anydoor_campaign/run_v1/jobs/M3_seed2/training_state/best_mask_0.pt
BG0_seed0,BG0,0,Validation,150,137,0.2049401187161058,0.504519249786469,0.7307692307692307,0.4596774193548387,0.5643564356435644,0.25369817211088364,0.5489603648891985,0.21,57,21,67,100,artifacts/s9_background/run_v1/jobs/BG0_seed0/training_state/best_mask_0.pt
BG0_seed0,BG0,0,Test,150,137,0.19032451490442553,0.4501929690486288,0.6688311688311688,0.4087301587301587,0.5073891625615763,0.2575181445967676,0.4937828662107328,0.255,103,51,149,200,artifacts/s9_background/run_v1/jobs/BG0_seed0/training_state/best_mask_0.pt
BG0_seed1,BG0,1,Validation,150,145,0.20119040367878452,0.5125862917744272,0.6987951807228916,0.46774193548387094,0.5603864734299517,0.25851642424846394,0.5807620795693512,0.25,58,25,66,100,artifacts/s9_background/run_v1/jobs/BG0_seed1/training_state/best_mask_1.pt
BG0_seed1,BG0,1,Test,150,145,0.1850349317044275,0.4385648246254707,0.668918918918919,0.39285714285714285,0.495,0.23417262261835411,0.49505689017796584,0.245,99,49,153,200,artifacts/s9_background/run_v1/jobs/BG0_seed1/training_state/best_mask_1.pt
BG0_seed2,BG0,2,Validation,150,140,0.19784774725206994,0.5243702843861872,0.7397260273972602,0.43548387096774194,0.5482233502538072,0.2513934020102506,0.5390248302490481,0.19,54,19,70,100,artifacts/s9_background/run_v1/jobs/BG0_seed2/training_state/best_mask_0.pt
BG0_seed2,BG0,2,Test,150,140,0.1562316762587602,0.38499513203079083,0.6610169491525424,0.30952380952380953,0.4216216216216216,0.21754754225945847,0.47485343075345865,0.2,78,40,174,200,artifacts/s9_background/run_v1/jobs/BG0_seed2/training_state/best_mask_0.pt
BG1_seed0,BG1,0,Validation,150,106,0.2984055426476803,0.6344649221054974,0.8470588235294118,0.5806451612903226,0.6889952153110048,0.36569775397699056,0.6652713953836173,0.13,72,13,52,100,artifacts/s9_background/run_v1/jobs/BG1_seed0/training_state/best_mask_1.pt
BG1_seed0,BG1,0,Test,150,106,0.26131135724943,0.5258984606457299,0.7435897435897436,0.4603174603174603,0.5686274509803921,0.3011804069966794,0.5522807464012396,0.2,116,40,136,200,artifacts/s9_background/run_v1/jobs/BG1_seed0/training_state/best_mask_1.pt
BG1_seed1,BG1,1,Validation,150,128,0.3057066985206021,0.633368583543601,0.7227722772277227,0.5887096774193549,0.648888888888889,0.3386180476152281,0.6869490981000583,0.28,73,28,51,100,artifacts/s9_background/run_v1/jobs/BG1_seed1/training_state/best_mask_1.pt
BG1_seed1,BG1,1,Test,150,128,0.2753726456558471,0.5682027731383039,0.7696629213483146,0.5436507936507936,0.6372093023255814,0.32790093874394793,0.5937667826473005,0.205,137,41,115,200,artifacts/s9_background/run_v1/jobs/BG1_seed1/training_state/best_mask_1.pt
BG1_seed2,BG1,2,Validation,150,138,0.3222776197966378,0.6856926529750805,0.7523809523809524,0.6370967741935484,0.6899563318777292,0.34454460671373266,0.6923559780164246,0.26,79,26,45,100,artifacts/s9_background/run_v1/jobs/BG1_seed2/training_state/best_mask_0.pt
BG1_seed2,BG1,2,Test,150,138,0.26844293612558623,0.5308360791143067,0.7083333333333334,0.4722222222222222,0.5666666666666667,0.3239035836690536,0.5826204869382536,0.245,119,49,133,200,artifacts/s9_background/run_v1/jobs/BG1_seed2/training_state/best_mask_0.pt
