split,experiment,metric,n,mean,sample_sd,minimum,maximum
Test,BG0,map,3,0.17719704095587108,0.01834815550047396,0.1562316762587602,0.19032451490442553
Test,BG0,map50,3,0.42458430856829676,0.034774712218360836,0.38499513203079083,0.4501929690486288
Test,BG0,precision,3,0.6662556789675433,0.004537085251062655,0.6610169491525424,0.668918918918919
Test,BG0,recall,3,0.37037037037037035,0.05328898698011556,0.30952380952380953,0.4087301587301587
Test,BG0,f1,3,0.4746702613943993,0.04635721598144932,0.4216216216216216,0.5073891625615763
Test,BG0,box_map,3,0.23641276982486006,0.02007924195361811,0.21754754225945847,0.2575181445967676
Test,BG0,box_map50,3,0.48789772904738576,0.011314639753566325,0.47485343075345865,0.49505689017796584
Test,BG0,fp_per_image,3,0.23333333333333334,0.02929732638541157,0.2,0.255
Test,BG1,map,3,0.2683756463436211,0.007030885708655622,0.26131135724943,0.2753726456558471
Test,BG1,map50,3,0.5416457709661135,0.023131164958030158,0.5258984606457299,0.5682027731383039
Test,BG1,precision,3,0.7405286660904639,0.030779168899018047,0.7083333333333334,0.7696629213483146
Test,BG1,recall,3,0.49206349206349204,0.04507070115714502,0.4603174603174603,0.5436507936507936
Test,BG1,f1,3,0.5908344733242133,0.04017374444162292,0.5666666666666667,0.6372093023255814
Test,BG1,box_map,3,0.3176616431365603,0.014412427638069271,0.3011804069966794,0.32790093874394793
Test,BG1,box_map50,3,0.576222671995598,0.021470254490404215,0.5522807464012396,0.5937667826473005
Test,BG1,fp_per_image,3,0.21666666666666667,0.024664414311581232,0.2,0.245
Test,H0_R,map,1,0.21118275305505718,,0.21118275305505718,0.21118275305505718
Test,H0_R,map50,1,0.4714970563482188,,0.4714970563482188,0.4714970563482188
Test,H0_R,precision,1,0.512,,0.512,0.512
Test,H0_R,recall,1,0.5079365079365079,,0.5079365079365079,0.5079365079365079
Test,H0_R,f1,1,0.5099601593625498,,0.5099601593625498,0.5099601593625498
Test,H0_R,box_map,1,0.28384259870756,,0.28384259870756,0.28384259870756
Test,H0_R,box_map50,1,0.555436005696462,,0.555436005696462,0.555436005696462
Test,H0_R,fp_per_image,1,0.61,,0.61,0.61
Test,H0_S,map,1,0.29155067119336886,,0.29155067119336886,0.29155067119336886
Test,H0_S,map50,1,0.5797055634936942,,0.5797055634936942,0.5797055634936942
Test,H0_S,precision,1,0.6092436974789915,,0.6092436974789915,0.6092436974789915
Test,H0_S,recall,1,0.5753968253968254,,0.5753968253968254,0.5753968253968254
Test,H0_S,f1,1,0.5918367346938775,,0.5918367346938775,0.5918367346938775
Test,H0_S,box_map,1,0.3559688346574571,,0.3559688346574571,0.3559688346574571
Test,H0_S,box_map50,1,0.6249573215933294,,0.6249573215933294,0.6249573215933294
Test,H0_S,fp_per_image,1,0.465,,0.465,0.465
Test,H1_R,map,1,0.217995745327234,,0.217995745327234,0.217995745327234
Test,H1_R,map50,1,0.4975309590951852,,0.4975309590951852,0.4975309590951852
Test,H1_R,precision,1,0.5150375939849624,,0.5150375939849624,0.5150375939849624
Test,H1_R,recall,1,0.5436507936507936,,0.5436507936507936,0.5436507936507936
Test,H1_R,f1,1,0.5289575289575289,,0.5289575289575289,0.5289575289575289
Test,H1_R,box_map,1,0.25821914647270755,,0.25821914647270755,0.25821914647270755
Test,H1_R,box_map50,1,0.5823241596519874,,0.5823241596519874,0.5823241596519874
Test,H1_R,fp_per_image,1,0.645,,0.645,0.645
Test,H1_S,map,1,0.3071236304917851,,0.3071236304917851,0.3071236304917851
Test,H1_S,map50,1,0.584677765345165,,0.584677765345165,0.584677765345165
Test,H1_S,precision,1,0.6324786324786325,,0.6324786324786325,0.6324786324786325
Test,H1_S,recall,1,0.5873015873015873,,0.5873015873015873,0.5873015873015873
Test,H1_S,f1,1,0.6090534979423867,,0.6090534979423867,0.6090534979423867
Test,H1_S,box_map,1,0.3417066013399196,,0.3417066013399196,0.3417066013399196
Test,H1_S,box_map50,1,0.6381819708585847,,0.6381819708585847,0.6381819708585847
Test,H1_S,fp_per_image,1,0.43,,0.43,0.43
Test,L0,map,3,0.12848622116022265,0.0015542056714158317,0.126916290093948,0.13002420900672157
Test,L0,map50,3,0.30091778704590133,0.009320693721900633,0.2910356825255771,0.3095511744946018
Test,L0,precision,3,0.4513089632103669,0.0345116709474536,0.4114583333333333,0.47126436781609193
Test,L0,recall,3,0.33201058201058203,0.022564447234433842,0.3134920634920635,0.35714285714285715
Test,L0,f1,3,0.38238430781272487,0.025332011892531262,0.3558558558558559,0.40632054176072235
Test,L0,box_map,3,0.14859701437699768,0.005661595033499895,0.1448946231446379,0.15511435215724198
Test,L0,box_map50,3,0.35198378527177165,0.00292862931492451,0.3501976693097656,0.35536365084322785
Test,L0,fp_per_image,3,0.51,0.05267826876426366,0.46,0.565
Test,L1,map,3,0.18536607560607696,0.008588622881263882,0.1761594925634292,0.19316210333725164
Test,L1,map50,3,0.4055108482263947,0.014599368001160884,0.3944787355763369,0.4220659676407735
Test,L1,precision,3,0.5081641484031811,0.014679494970714281,0.4928909952606635,0.5221674876847291
Test,L1,recall,3,0.42063492063492064,0.007936507936507936,0.4126984126984127,0.42857142857142855
Test,L1,f1,3,0.4602317892628461,0.009517934314289952,0.44924406047516197,0.4659340659340659
Test,L1,box_map,3,0.22638433080923004,0.00823922056834018,0.2170260112298689,0.23254711675184442
Test,L1,box_map50,3,0.4530009386733042,0.006115347838624396,0.44828388267459424,0.45991023762010796
Test,L1,fp_per_image,3,0.5133333333333333,0.025658007197234444,0.485,0.535
Test,L2,map,3,0.22014421199238313,0.011839726956827633,0.2068760814179918,0.22963251407912916
Test,L2,map50,3,0.45068432775428297,0.014693934800732502,0.4338406519146535,0.4608752496419435
Test,L2,precision,3,0.502527758730617,0.012380366040048009,0.48863636363636365,0.512396694214876
Test,L2,recall,3,0.4880952380952381,0.02602158144564285,0.4603174603174603,0.5119047619047619
Test,L2,f1,3,0.49478425794215264,0.01083439885830185,0.4823284823284823,0.5020242914979757
Test,L2,box_map,3,0.25202368065972647,0.002869417935155831,0.2487103844119815,0.2536908296218156
Test,L2,box_map50,3,0.49247596080235395,0.003176160399566455,0.4888201853495203,0.49455776635527837
Test,L2,fp_per_image,3,0.61,0.05766281297335403,0.565,0.675
Test,L3,map,3,0.20257116817723456,0.010191160249106069,0.1933843072130269,0.21353334550948072
Test,L3,map50,3,0.42483860161472276,0.03643672841381862,0.3991301129750714,0.4665362227549047
Test,L3,precision,3,0.48920043748100517,0.03488059477606022,0.46153846153846156,0.5283842794759825
Test,L3,recall,3,0.4523809523809524,0.02777777777777779,0.4246031746031746,0.4801587301587302
Test,L3,f1,3,0.4698707209021956,0.029025990767617405,0.4495798319327731,0.5031185031185031
Test,L3,box_map,3,0.22427121730148306,0.014398529741639436,0.2088817754844829,0.23741492611066253
Test,L3,box_map50,3,0.4688105040349077,0.04154070494331376,0.432626370749977,0.5141727291111121
Test,L3,fp_per_image,3,0.5966666666666667,0.06331139971074194,0.54,0.665
Test,M0,map,3,0.21033447900318547,0.009834438459057864,0.19948272703531447,0.21865790381774527
Test,M0,map50,3,0.46864225883038774,0.022802637379114605,0.4423967767026813,0.4835929146506166
Test,M0,precision,3,0.5012817689540878,0.008273607842560031,0.49372384937238495,0.5101214574898786
Test,M0,recall,3,0.4880952380952381,0.01729721802992331,0.46825396825396826,0.5
Test,M0,f1,3,0.4945565731094888,0.012540560392508638,0.4806517311608962,0.5050100200400801
Test,M0,box_map,3,0.26663733296089986,0.015360895412226242,0.2493297143286907,0.27865147869273094
Test,M0,box_map50,3,0.5441646474590562,0.021472898896719703,0.5194097695967456,0.5577596263465603
Test,M0,fp_per_image,3,0.6116666666666667,0.011547005383792526,0.605,0.625
Test,M1,map,3,0.29141799149594627,0.0067764368295778876,0.2860458170246375,0.2990310354183012
Test,M1,map50,3,0.573130832644124,0.008797389392558181,0.564375298880027,0.5819694886195723
Test,M1,precision,3,0.6127404208630434,0.03049866478914749,0.5813008130081301,0.6422018348623854
Test,M1,recall,3,0.5621693121693122,0.006061608062110878,0.5555555555555556,0.5674603174603174
Test,M1,f1,3,0.5860111960108617,0.01086004516940895,0.5742971887550201,0.5957446808510639
Test,M1,box_map,3,0.3382142040287495,0.004691665755984209,0.33514986017011145,0.3436153648573671
Test,M1,box_map50,3,0.6316035068389575,0.015616689082461135,0.6159389676349714,0.6471719018628492
Test,M1,fp_per_image,3,0.45,0.06264982043070834,0.39,0.515
Test,M2,map,3,0.31991078698767295,0.005495161278517533,0.31655360351086503,0.32625240208053313
Test,M2,map50,3,0.6054254307097444,0.015344142100002242,0.5891094781429551,0.6195654606257783
Test,M2,precision,3,0.639222923848164,0.043210167045167225,0.5952380952380952,0.6816143497757847
Test,M2,recall,3,0.6071428571428571,0.014307743156603143,0.5952380952380952,0.623015873015873
Test,M2,f1,3,0.6223429465682987,0.023829659949874727,0.5952380952380952,0.64
Test,M2,box_map,3,0.3567868424732133,0.002671309186515788,0.3542624940788282,0.35958415238355557
Test,M2,box_map50,3,0.6440777794413636,0.009053678513725088,0.6347786940920973,0.6528642718836617
Test,M2,fp_per_image,3,0.435,0.07762087348130013,0.355,0.51
Test,M3,map,3,0.29983244763606215,0.011775335394795531,0.2916300244684895,0.31332507627453066
Test,M3,map50,3,0.5867452274418224,0.015026444974996217,0.5695786234128378,0.5975136674772705
Test,M3,precision,3,0.6186661257054915,0.0320360761801906,0.5846774193548387,0.6483050847457628
Test,M3,recall,3,0.6018518518518519,0.02424643224844362,0.5753968253968254,0.623015873015873
Test,M3,f1,3,0.610021684447914,0.026077634953841928,0.5800000000000001,0.6270491803278689
Test,M3,box_map,3,0.34647592529212023,0.010741543846524747,0.33698351920433967,0.35813598646337425
Test,M3,box_map50,3,0.6463599180175789,0.00839225976480724,0.6402237529373589,0.6559234322247314
Test,M3,fp_per_image,3,0.4683333333333333,0.05033222956847168,0.415,0.515
Validation,A0,map,1,0.22243984439067188,,0.22243984439067188,0.22243984439067188
Validation,A0,map50,1,0.5392501625945958,,0.5392501625945958,0.5392501625945958
Validation,A0,precision,1,0.625,,0.625,0.625
Validation,A0,recall,1,0.4838709677419355,,0.4838709677419355,0.4838709677419355
Validation,A0,f1,1,0.5454545454545454,,0.5454545454545454,0.5454545454545454
Validation,A0,box_map,1,0.2617296322959927,,0.2617296322959927,0.2617296322959927
Validation,A0,box_map50,1,0.5794876727718433,,0.5794876727718433,0.5794876727718433
Validation,A0,fp_per_image,1,0.36,,0.36,0.36
Validation,A1,map,1,0.21729253770376852,,0.21729253770376852,0.21729253770376852
Validation,A1,map50,1,0.5439765446897357,,0.5439765446897357,0.5439765446897357
Validation,A1,precision,1,0.6238532110091743,,0.6238532110091743,0.6238532110091743
Validation,A1,recall,1,0.5483870967741935,,0.5483870967741935,0.5483870967741935
Validation,A1,f1,1,0.5836909871244634,,0.5836909871244634,0.5836909871244634
Validation,A1,box_map,1,0.26922730254467775,,0.26922730254467775,0.26922730254467775
Validation,A1,box_map50,1,0.6007937104750425,,0.6007937104750425,0.6007937104750425
Validation,A1,fp_per_image,1,0.41,,0.41,0.41
Validation,A2,map,1,0.23358372908301864,,0.23358372908301864,0.23358372908301864
Validation,A2,map50,1,0.534450083248105,,0.534450083248105,0.534450083248105
Validation,A2,precision,1,0.6226415094339622,,0.6226415094339622,0.6226415094339622
Validation,A2,recall,1,0.532258064516129,,0.532258064516129,0.532258064516129
Validation,A2,f1,1,0.5739130434782608,,0.5739130434782608,0.5739130434782608
Validation,A2,box_map,1,0.2813796789196146,,0.2813796789196146,0.2813796789196146
Validation,A2,box_map50,1,0.6262959813155335,,0.6262959813155335,0.6262959813155335
Validation,A2,fp_per_image,1,0.4,,0.4,0.4
Validation,A3,map,1,0.21004197758422166,,0.21004197758422166,0.21004197758422166
Validation,A3,map50,1,0.5280368645472955,,0.5280368645472955,0.5280368645472955
Validation,A3,precision,1,0.5575221238938053,,0.5575221238938053,0.5575221238938053
Validation,A3,recall,1,0.5080645161290323,,0.5080645161290323,0.5080645161290323
Validation,A3,f1,1,0.5316455696202532,,0.5316455696202532,0.5316455696202532
Validation,A3,box_map,1,0.26725354701722975,,0.26725354701722975,0.26725354701722975
Validation,A3,box_map50,1,0.5718028535566734,,0.5718028535566734,0.5718028535566734
Validation,A3,fp_per_image,1,0.5,,0.5,0.5
Validation,A4,map,1,0.22189634561850174,,0.22189634561850174,0.22189634561850174
Validation,A4,map50,1,0.5293839460604053,,0.5293839460604053,0.5293839460604053
Validation,A4,precision,1,0.5700934579439252,,0.5700934579439252,0.5700934579439252
Validation,A4,recall,1,0.49193548387096775,,0.49193548387096775,0.49193548387096775
Validation,A4,f1,1,0.528138528138528,,0.528138528138528,0.528138528138528
Validation,A4,box_map,1,0.2777140541721269,,0.2777140541721269,0.2777140541721269
Validation,A4,box_map50,1,0.5859531769231895,,0.5859531769231895,0.5859531769231895
Validation,A4,fp_per_image,1,0.46,,0.46,0.46
Validation,A5,map,1,0.21639271857270362,,0.21639271857270362,0.21639271857270362
Validation,A5,map50,1,0.49811883672541163,,0.49811883672541163,0.49811883672541163
Validation,A5,precision,1,0.5865384615384616,,0.5865384615384616,0.5865384615384616
Validation,A5,recall,1,0.49193548387096775,,0.49193548387096775,0.49193548387096775
Validation,A5,f1,1,0.5350877192982456,,0.5350877192982456,0.5350877192982456
Validation,A5,box_map,1,0.24387318112956144,,0.24387318112956144,0.24387318112956144
Validation,A5,box_map50,1,0.5784126119343104,,0.5784126119343104,0.5784126119343104
Validation,A5,fp_per_image,1,0.43,,0.43,0.43
Validation,BG0,map,3,0.2013260898823201,0.0035481320867943927,0.19784774725206994,0.2049401187161058
Validation,BG0,map50,3,0.5138252753156944,0.00998334632432684,0.504519249786469,0.5243702843861872
Validation,BG0,precision,3,0.7230968129631276,0.02151704088887981,0.6987951807228916,0.7397260273972602
Validation,BG0,recall,3,0.4543010752688172,0.01678762902795267,0.43548387096774194,0.46774193548387094
Validation,BG0,f1,3,0.5576554197757745,0.00840613475949534,0.5482233502538072,0.5643564356435644
Validation,BG0,box_map,3,0.2545359994565327,0.00363467019788019,0.2513934020102506,0.25851642424846394
Validation,BG0,box_map50,3,0.5562490915691993,0.02180237711049191,0.5390248302490481,0.5807620795693512
Validation,BG0,fp_per_image,3,0.21666666666666667,0.030550504633038933,0.19,0.25
Validation,BG1,map,3,0.30879662032164007,0.01223232314010066,0.2984055426476803,0.3222776197966378
Validation,BG1,map50,3,0.6511753862080597,0.02989785558129274,0.633368583543601,0.6856926529750805
Validation,BG1,precision,3,0.7740706843793623,0.06492010284590287,0.7227722772277227,0.8470588235294118
Validation,BG1,recall,3,0.6021505376344086,0.030531765300001443,0.5806451612903226,0.6370967741935484
Validation,BG1,f1,3,0.6759468120258744,0.023437775910460534,0.648888888888889,0.6899563318777292
Validation,BG1,box_map,3,0.3496201361019838,0.014235461815061351,0.3386180476152281,0.36569775397699056
Validation,BG1,box_map50,3,0.6815254905000334,0.01433371178891311,0.6652713953836173,0.6923559780164246
Validation,BG1,fp_per_image,3,0.22333333333333336,0.08144527815247078,0.13,0.28
Validation,H0_R,map,1,0.2574295059264732,,0.2574295059264732,0.2574295059264732
Validation,H0_R,map50,1,0.5513537993911699,,0.5513537993911699,0.5513537993911699
Validation,H0_R,precision,1,0.578125,,0.578125,0.578125
Validation,H0_R,recall,1,0.5967741935483871,,0.5967741935483871,0.5967741935483871
Validation,H0_R,f1,1,0.5873015873015873,,0.5873015873015873,0.5873015873015873
Validation,H0_R,box_map,1,0.31955607178981604,,0.31955607178981604,0.31955607178981604
Validation,H0_R,box_map50,1,0.6271364482824701,,0.6271364482824701,0.6271364482824701
Validation,H0_R,fp_per_image,1,0.54,,0.54,0.54
Validation,H0_S,map,1,0.32356828808663785,,0.32356828808663785,0.32356828808663785
Validation,H0_S,map50,1,0.6756999618419974,,0.6756999618419974,0.6756999618419974
Validation,H0_S,precision,1,0.6585365853658537,,0.6585365853658537,0.6585365853658537
Validation,H0_S,recall,1,0.6532258064516129,,0.6532258064516129,0.6532258064516129
Validation,H0_S,f1,1,0.6558704453441295,,0.6558704453441295,0.6558704453441295
Validation,H0_S,box_map,1,0.3802500656447928,,0.3802500656447928,0.3802500656447928
Validation,H0_S,box_map50,1,0.7174637070752006,,0.7174637070752006,0.7174637070752006
Validation,H0_S,fp_per_image,1,0.42,,0.42,0.42
Validation,H1_R,map,1,0.2623257476531603,,0.2623257476531603,0.2623257476531603
Validation,H1_R,map50,1,0.5916538189729103,,0.5916538189729103,0.5916538189729103
Validation,H1_R,precision,1,0.562962962962963,,0.562962962962963,0.562962962962963
Validation,H1_R,recall,1,0.6129032258064516,,0.6129032258064516,0.6129032258064516
Validation,H1_R,f1,1,0.5868725868725869,,0.5868725868725869,0.5868725868725869
Validation,H1_R,box_map,1,0.29285250302078075,,0.29285250302078075,0.29285250302078075
Validation,H1_R,box_map50,1,0.6800288855325012,,0.6800288855325012,0.6800288855325012
Validation,H1_R,fp_per_image,1,0.59,,0.59,0.59
Validation,H1_S,map,1,0.3221143921315691,,0.3221143921315691,0.3221143921315691
Validation,H1_S,map50,1,0.6833576556791017,,0.6833576556791017,0.6833576556791017
Validation,H1_S,precision,1,0.6771653543307087,,0.6771653543307087,0.6771653543307087
Validation,H1_S,recall,1,0.6935483870967742,,0.6935483870967742,0.6935483870967742
Validation,H1_S,f1,1,0.6852589641434264,,0.6852589641434264,0.6852589641434264
Validation,H1_S,box_map,1,0.376299698118421,,0.376299698118421,0.376299698118421
Validation,H1_S,box_map50,1,0.7567621391928556,,0.7567621391928556,0.7567621391928556
Validation,H1_S,fp_per_image,1,0.41,,0.41,0.41
Validation,L0,map,3,0.15999121447486198,0.008089199895818166,0.1518684147408929,0.16804639053936668
Validation,L0,map50,3,0.38754808186887413,0.004593949242392996,0.38360500594763913,0.3925926450248351
Validation,L0,precision,3,0.4953084682148722,0.027744570265941626,0.46551724137931033,0.5204081632653061
Validation,L0,recall,3,0.4327956989247312,0.020295253858254685,0.4112903225806452,0.45161290322580644
Validation,L0,f1,3,0.4613452435486334,0.01239618540441389,0.45,0.47457627118644063
Validation,L0,box_map,3,0.18563665106205343,0.007354566679015523,0.17758922561567086,0.1920095889340483
Validation,L0,box_map50,3,0.4444778643192451,0.00465622856149329,0.44091106690930026,0.4497453599795524
Validation,L0,fp_per_image,3,0.55,0.07549834435270751,0.47,0.62
Validation,L1,map,3,0.2160984812636181,0.020093218395345815,0.19300413469078043,0.22957588582201155
Validation,L1,map50,3,0.469319875305813,0.04376185169559063,0.4189891413547848,0.4983855728814153
Validation,L1,precision,3,0.5122551122551122,0.01928505251499537,0.4954954954954955,0.5333333333333333
Validation,L1,recall,3,0.49193548387096775,0.04190445502182767,0.4435483870967742,0.5161290322580645
Validation,L1,f1,3,0.501558423439135,0.029664377172467372,0.46808510638297873,0.5245901639344263
Validation,L1,box_map,3,0.2491954180746562,0.01409125393878323,0.2335912887101807,0.2609908269256088
Validation,L1,box_map50,3,0.5282717191854426,0.04404238736978102,0.47748155645695695,0.5559031844032104
Validation,L1,fp_per_image,3,0.5800000000000001,0.03464101615137751,0.56,0.62
Validation,L2,map,3,0.28368117143026766,0.01159686726572819,0.2717810413011973,0.2949488964653455
Validation,L2,map50,3,0.6061012454264649,0.02106844253231572,0.5891364392219867,0.6296841711544565
Validation,L2,precision,3,0.6139958911145352,0.017736550522027463,0.5984848484848485,0.6333333333333333
Validation,L2,recall,3,0.6102150537634409,0.028321649873260024,0.5806451612903226,0.6370967741935484
Validation,L2,f1,3,0.611726547328727,0.014734365061094596,0.5950413223140496,0.6229508196721313
Validation,L2,box_map,3,0.3133414273269177,0.015914374642971515,0.2980092445939556,0.32978022920721084
Validation,L2,box_map50,3,0.6153396196597272,0.00918934654485495,0.6051427242157011,0.6229800316614142
Validation,L2,fp_per_image,3,0.4766666666666667,0.047258156262526094,0.44,0.53
Validation,L3,map,3,0.26384529999661205,0.022041860819588036,0.23885485366162515,0.2805180610004028
Validation,L3,map50,3,0.5627299979850147,0.025427835752637944,0.5374393563635116,0.5882928423913574
Validation,L3,precision,3,0.6257082567830231,0.018327936298517544,0.6083333333333333,0.6448598130841121
Validation,L3,recall,3,0.5779569892473119,0.01862420223192346,0.5564516129032258,0.5887096774193549
Validation,L3,f1,3,0.6005241272570025,0.0046019450869602555,0.5974025974025974,0.6058091286307054
Validation,L3,box_map,3,0.29140900474377474,0.023289275225477184,0.2715718265806767,0.31705194158356653
Validation,L3,box_map50,3,0.6121185392560854,0.020363392710598442,0.5921487254655604,0.6328539189579212
Validation,L3,fp_per_image,3,0.43,0.045825756949558386,0.38,0.47
Validation,M0,map,3,0.2623311172060612,0.005369488463887334,0.2588015973668992,0.2685104296106106
Validation,M0,map50,3,0.5560666530083156,0.03392496927592804,0.5227615428580504,0.5905792408040702
Validation,M0,precision,3,0.5471928495171061,0.02210910677471069,0.5317460317460317,0.5725190839694656
Validation,M0,recall,3,0.5752688172043011,0.032592353905866,0.5403225806451613,0.6048387096774194
Validation,M0,f1,3,0.5607916096671227,0.026218440330840535,0.5359999999999999,0.5882352941176472
Validation,M0,box_map,3,0.314731354575805,0.019795797925403542,0.29856114786908516,0.3368081314101991
Validation,M0,box_map50,3,0.6391354000868612,0.04739794587433926,0.5902874816011441,0.6849363543902128
Validation,M0,fp_per_image,3,0.59,0.02999999999999997,0.56,0.62
Validation,M1,map,3,0.33122380073265056,0.0013439493360057105,0.3296729999905566,0.33204882581015316
Validation,M1,map50,3,0.6809687410412587,0.014823241682171863,0.6638557972856538,0.6898233085097762
Validation,M1,precision,3,0.6660301521005333,0.027222296663184795,0.6349206349206349,0.6854838709677419
Validation,M1,recall,3,0.6639784946236559,0.020295253858254685,0.6451612903225806,0.6854838709677419
Validation,M1,f1,3,0.6649572086899276,0.023063346151089292,0.64,0.6854838709677419
Validation,M1,box_map,3,0.38128953131677934,0.006156675623585211,0.3741809726267166,0.3849209452616912
Validation,M1,box_map50,3,0.7025916825142032,0.018813219507983366,0.6840827530635173,0.7216951002903894
Validation,M1,fp_per_image,3,0.41333333333333333,0.04041451884327381,0.39,0.46
Validation,M2,map,3,0.392466739317896,0.013195207612456489,0.3775500658122376,0.4026145263082312
Validation,M2,map50,3,0.7256694912454056,0.01201089406113287,0.7153261032953034,0.7388425801259102
Validation,M2,precision,3,0.7146168429159632,0.036104391418406635,0.6742424242424242,0.743801652892562
Validation,M2,recall,3,0.7231182795698925,0.004656050557980849,0.717741935483871,0.7258064516129032
Validation,M2,f1,3,0.7186042763879745,0.02065494421275291,0.6953125,0.7346938775510203
Validation,M2,box_map,3,0.40490417159547554,0.005474926013665815,0.39975913533852336,0.4106580834894419
Validation,M2,box_map50,3,0.7394894363567751,0.006383949549315187,0.7337735062824146,0.7463786443024102
Validation,M2,fp_per_image,3,0.36,0.06244997998398397,0.31,0.43
Validation,M3,map,3,0.38269968089251677,0.00858777453778401,0.37283664727808097,0.38852018445565045
Validation,M3,map50,3,0.7151924210524863,0.0158286308557295,0.6994628033729393,0.7311182410266284
Validation,M3,precision,3,0.6474503488996243,0.030349604041874555,0.6231884057971014,0.6814814814814815
Validation,M3,recall,3,0.7150537634408602,0.0246375037363217,0.6935483870967742,0.7419354838709677
Validation,M3,f1,3,0.6795563284112903,0.027801338431546085,0.6564885496183207,0.7104247104247104
Validation,M3,box_map,3,0.39842333578145256,0.01143704743498858,0.38521765270643543,0.40514238799761787
Validation,M3,box_map50,3,0.7403543590186159,0.013935208374138678,0.7242857813625737,0.7491239311352205
Validation,M3,fp_per_image,3,0.48333333333333334,0.047258156262526094,0.43,0.52
