id,group,label,real,synthetic,background,total,strategy,head,architecture,epochs,seeds,evaluation,compare,note,alias
M0,M,전체 실제 데이터 · 실제 데이터만,748,0,0,748,합성 없음,H2,custom DualHeadSegment n-scale. 거리 가중 boundary BCE 보조 학습. 추론 때 boundary head는 사용하지 않음.,150,0 / 1 / 2,Validation 100장으로 best 선택 → Test 200장 평가,M0 ↔ M1/2/3: 합성 전략 효과; M2 ↔ M3: 선택 방식 효과.,전체 train748 객체 출처.,
M1,M,전체 실제 데이터 · 휴리스틱 합성 추가,748,3000,0,3748,휴리스틱 A1 Full,H2,custom DualHeadSegment n-scale. 거리 가중 boundary BCE 보조 학습. 추론 때 boundary head는 사용하지 않음.,150,0 / 1 / 2,Validation 100장으로 best 선택 → Test 200장 평가,M0 ↔ M1/2/3: 합성 전략 효과; M2 ↔ M3: 선택 방식 효과.,전체 train748 객체 출처.,
M2,M,전체 실제 데이터 · AnyDoor 무작위 선택 추가,748,3000,0,3748,"AnyDoor 후보 중 무작위 3,000장 선택",H2,custom DualHeadSegment n-scale. 거리 가중 boundary BCE 보조 학습. 추론 때 boundary head는 사용하지 않음.,150,0 / 1 / 2,Validation 100장으로 best 선택 → Test 200장 평가,M0 ↔ M1/2/3: 합성 전략 효과; M2 ↔ M3: 선택 방식 효과.,"전체 train748 객체 출처. 해당 M/L의 같은 6,000장 후보 pool에서 random/task-aware가 각각 3,000장 선택. 두 선택 집합은 겹칠 수 있음.",
M3,M,전체 실제 데이터 · AnyDoor 난도 기반 선택 추가,748,3000,0,3748,"AnyDoor 후보 중 task-aware 3,000장 선택",H2,custom DualHeadSegment n-scale. 거리 가중 boundary BCE 보조 학습. 추론 때 boundary head는 사용하지 않음.,150,0 / 1 / 2,Validation 100장으로 best 선택 → Test 200장 평가,M0 ↔ M1/2/3: 합성 전략 효과; M2 ↔ M3: 선택 방식 효과.,"전체 train748 객체 출처. 해당 M/L의 같은 6,000장 후보 pool에서 random/task-aware가 각각 3,000장 선택. 두 선택 집합은 겹칠 수 있음.",
L0,L,실제 데이터 25% · 실제 데이터만,187,0,0,187,합성 없음,H2,custom DualHeadSegment n-scale. 거리 가중 boundary BCE 보조 학습. 추론 때 boundary head는 사용하지 않음.,150,0 / 1 / 2,Validation 100장으로 best 선택 → Test 200장 평가,L0 ↔ L1/2/3: 합성 전략 효과; L2 ↔ L3: 선택 방식 효과.,같은 고정 low187을 공유. 합성 객체와 Judge의 실제 학습 정보도 low187로 제한. 외부 배경·pretrained/generator는 사용.,
L1,L,실제 데이터 25% · 휴리스틱 합성 추가,187,3000,0,3187,휴리스틱 A1 Full,H2,custom DualHeadSegment n-scale. 거리 가중 boundary BCE 보조 학습. 추론 때 boundary head는 사용하지 않음.,150,0 / 1 / 2,Validation 100장으로 best 선택 → Test 200장 평가,L0 ↔ L1/2/3: 합성 전략 효과; L2 ↔ L3: 선택 방식 효과.,같은 고정 low187을 공유. 합성 객체와 Judge의 실제 학습 정보도 low187로 제한. 외부 배경·pretrained/generator는 사용.,
L2,L,실제 데이터 25% · AnyDoor 무작위 선택 추가,187,3000,0,3187,"AnyDoor 후보 중 무작위 3,000장 선택",H2,custom DualHeadSegment n-scale. 거리 가중 boundary BCE 보조 학습. 추론 때 boundary head는 사용하지 않음.,150,0 / 1 / 2,Validation 100장으로 best 선택 → Test 200장 평가,L0 ↔ L1/2/3: 합성 전략 효과; L2 ↔ L3: 선택 방식 효과.,"같은 고정 low187을 공유. 합성 객체와 Judge의 실제 학습 정보도 low187로 제한. 외부 배경·pretrained/generator는 사용. 해당 M/L의 같은 6,000장 후보 pool에서 random/task-aware가 각각 3,000장 선택. 두 선택 집합은 겹칠 수 있음.",
L3,L,실제 데이터 25% · AnyDoor 난도 기반 선택 추가,187,3000,0,3187,"AnyDoor 후보 중 task-aware 3,000장 선택",H2,custom DualHeadSegment n-scale. 거리 가중 boundary BCE 보조 학습. 추론 때 boundary head는 사용하지 않음.,150,0 / 1 / 2,Validation 100장으로 best 선택 → Test 200장 평가,L0 ↔ L1/2/3: 합성 전략 효과; L2 ↔ L3: 선택 방식 효과.,"같은 고정 low187을 공유. 합성 객체와 Judge의 실제 학습 정보도 low187로 제한. 외부 배경·pretrained/generator는 사용. 해당 M/L의 같은 6,000장 후보 pool에서 random/task-aware가 각각 3,000장 선택. 두 선택 집합은 겹칠 수 있음.",
BG0,BG,실제 + background-only,748,0,2129,2877,합성 없음,H2,custom DualHeadSegment n-scale. 거리 가중 boundary BCE 보조 학습. 추론 때 boundary head는 사용하지 않음.,150,0 / 1 / 2,Validation 100장으로 best 선택 → Test 200장 평가,M0 ↔ BG0: 실제-only 조건에 배경을 추가한 효과. BG0 ↔ BG1: 배경이 있는 상태에서 합성 추가 효과.,"배경-only는 목표 객체 라벨이 없는 별도 학습 이미지. 전체 2,877장 중 74.00%. 기존 Test를 다시 쓴 사후 보완 실험. G0라는 정식 ID는 없음.",
BG1,BG,실제 + 휴리스틱 + background-only,748,3000,2129,5877,휴리스틱 A1 Full,H2,custom DualHeadSegment n-scale. 거리 가중 boundary BCE 보조 학습. 추론 때 boundary head는 사용하지 않음.,150,0 / 1 / 2,Validation 100장으로 best 선택 → Test 200장 평가,M1 ↔ BG1: 합성 혼합 조건에 배경을 추가한 효과. BG0 ↔ BG1: 합성 추가 효과.,"BG0와 같은 배경 2,129장. 전체 5,877장 중 36.23%. 동일 Test를 재사용한 사후 보완 실험.",
A0,A,휴리스틱 점수 ablation · 무작위 control,748,3000,0,3748,휴리스틱 무작위 control,H2,custom DualHeadSegment n-scale. 거리 가중 boundary BCE 보조 학습. 추론 때 boundary head는 사용하지 않음.,40,0,Validation 100장만 평가. Test 결과 없음.,A0 ↔ A1: 무작위/Full; A1 ↔ A2~A5: 각 선택 점수의 기여.,모두 H2 모델. 점수 제거는 색상 보정·blending 렌더링 제거가 아님. A5는 AnyDoor가 아님. A1의 40-epoch 모델과 M1의 150-epoch 모델은 별도 학습.,
A1,A,휴리스틱 점수 ablation · Full 선택 점수,748,3000,0,3748,휴리스틱 Full 선택 점수,H2,custom DualHeadSegment n-scale. 거리 가중 boundary BCE 보조 학습. 추론 때 boundary head는 사용하지 않음.,40,0,Validation 100장만 평가. Test 결과 없음.,A0 ↔ A1: 무작위/Full; A1 ↔ A2~A5: 각 선택 점수의 기여.,모두 H2 모델. 점수 제거는 색상 보정·blending 렌더링 제거가 아님. A5는 AnyDoor가 아님. A1의 40-epoch 모델과 M1의 150-epoch 모델은 별도 학습.,
A2,A,휴리스틱 점수 ablation · Tone 점수 제외,748,3000,0,3748,휴리스틱 Tone 점수 제외,H2,custom DualHeadSegment n-scale. 거리 가중 boundary BCE 보조 학습. 추론 때 boundary head는 사용하지 않음.,40,0,Validation 100장만 평가. Test 결과 없음.,A0 ↔ A1: 무작위/Full; A1 ↔ A2~A5: 각 선택 점수의 기여.,모두 H2 모델. 점수 제거는 색상 보정·blending 렌더링 제거가 아님. A5는 AnyDoor가 아님. A1의 40-epoch 모델과 M1의 150-epoch 모델은 별도 학습.,
A3,A,휴리스틱 점수 ablation · Texture 점수 제외,748,3000,0,3748,휴리스틱 Texture 점수 제외,H2,custom DualHeadSegment n-scale. 거리 가중 boundary BCE 보조 학습. 추론 때 boundary head는 사용하지 않음.,40,0,Validation 100장만 평가. Test 결과 없음.,A0 ↔ A1: 무작위/Full; A1 ↔ A2~A5: 각 선택 점수의 기여.,모두 H2 모델. 점수 제거는 색상 보정·blending 렌더링 제거가 아님. A5는 AnyDoor가 아님. A1의 40-epoch 모델과 M1의 150-epoch 모델은 별도 학습.,
A4,A,휴리스틱 점수 ablation · Edge 점수 제외,748,3000,0,3748,휴리스틱 Edge 점수 제외,H2,custom DualHeadSegment n-scale. 거리 가중 boundary BCE 보조 학습. 추론 때 boundary head는 사용하지 않음.,40,0,Validation 100장만 평가. Test 결과 없음.,A0 ↔ A1: 무작위/Full; A1 ↔ A2~A5: 각 선택 점수의 기여.,모두 H2 모델. 점수 제거는 색상 보정·blending 렌더링 제거가 아님. A5는 AnyDoor가 아님. A1의 40-epoch 모델과 M1의 150-epoch 모델은 별도 학습.,
A5,A,휴리스틱 점수 ablation · Placement 점수 제외,748,3000,0,3748,휴리스틱 Placement 점수 제외,H2,custom DualHeadSegment n-scale. 거리 가중 boundary BCE 보조 학습. 추론 때 boundary head는 사용하지 않음.,40,0,Validation 100장만 평가. Test 결과 없음.,A0 ↔ A1: 무작위/Full; A1 ↔ A2~A5: 각 선택 점수의 기여.,모두 H2 모델. 점수 제거는 색상 보정·blending 렌더링 제거가 아님. A5는 AnyDoor가 아님. A1의 40-epoch 모델과 M1의 150-epoch 모델은 별도 학습.,
H0_R,H,모델 구조 ablation · H0 / 실제만,748,0,0,748,합성 없음,H0,같은 n-scale backbone/neck + Segment. 보조 boundary head/loss 없음.,150,0,Validation 100장으로 best 선택 → Test 200장 평가,H0_R ↔ H1_R ↔ H2_R: 같은 데이터에서 boundary 학습 구성 비교.,"R=Real-only, S=Synthetic 추가. A/M/L 데이터 생성 실험과 구분. 단일 seed 결과이며 구조의 보편적 우위를 보장하지 않음.",
H1_R,H,모델 구조 ablation · H1 / 실제만,748,0,0,748,합성 없음,H1,custom DualHeadSegment n-scale. 일반 boundary BCE 보조 학습.,150,0,Validation 100장으로 best 선택 → Test 200장 평가,H0_R ↔ H1_R ↔ H2_R: 같은 데이터에서 boundary 학습 구성 비교.,"R=Real-only, S=Synthetic 추가. A/M/L 데이터 생성 실험과 구분. 단일 seed 결과이며 구조의 보편적 우위를 보장하지 않음.",
H2_R,H,모델 구조 ablation · H2 / 실제만,748,0,0,748,합성 없음,H2,custom DualHeadSegment n-scale. 거리 가중 boundary BCE 보조 학습. 추론 때 boundary head는 사용하지 않음.,150,0,Validation 100장으로 best 선택 → Test 200장 평가,H0_R ↔ H1_R ↔ H2_R: 같은 데이터에서 boundary 학습 구성 비교.,"R=Real-only, S=Synthetic 추가. M0_seed0의 같은 checkpoint를 참조하며 추가 학습하지 않음. 3seed 평균과 비교하지 말고 seed0끼리 비교.",M0_seed0
H0_S,H,모델 구조 ablation · H0 / 휴리스틱 추가,748,3000,0,3748,휴리스틱 A1 Full,H0,같은 n-scale backbone/neck + Segment. 보조 boundary head/loss 없음.,150,0,Validation 100장으로 best 선택 → Test 200장 평가,H0_S ↔ H1_S ↔ H2_S: 같은 데이터에서 boundary 학습 구성 비교.,"R=Real-only, S=Synthetic 추가. A/M/L 데이터 생성 실험과 구분. 단일 seed 결과이며 구조의 보편적 우위를 보장하지 않음.",
H1_S,H,모델 구조 ablation · H1 / 휴리스틱 추가,748,3000,0,3748,휴리스틱 A1 Full,H1,custom DualHeadSegment n-scale. 일반 boundary BCE 보조 학습.,150,0,Validation 100장으로 best 선택 → Test 200장 평가,H0_S ↔ H1_S ↔ H2_S: 같은 데이터에서 boundary 학습 구성 비교.,"R=Real-only, S=Synthetic 추가. A/M/L 데이터 생성 실험과 구분. 단일 seed 결과이며 구조의 보편적 우위를 보장하지 않음.",
H2_S,H,모델 구조 ablation · H2 / 휴리스틱 추가,748,3000,0,3748,휴리스틱 A1 Full,H2,custom DualHeadSegment n-scale. 거리 가중 boundary BCE 보조 학습. 추론 때 boundary head는 사용하지 않음.,150,0,Validation 100장으로 best 선택 → Test 200장 평가,H0_S ↔ H1_S ↔ H2_S: 같은 데이터에서 boundary 학습 구성 비교.,"R=Real-only, S=Synthetic 추가. M1_seed0의 같은 checkpoint를 참조하며 추가 학습하지 않음. 3seed 평균과 비교하지 말고 seed0끼리 비교.",M1_seed0
S4,1학기,1학기 baseline: 실제 + 배경,,,,,보관 기록 참고,과거 custom DualHeadSegment 계열,과거 custom DualHeadSegment 계열,보관 로그 참고,독립 3seed 실험 아님,보관된 Validation/Test CSV. 이번에 다시 평가한 수치가 아님.,S4 ↔ S3: 1학기 내부 합성 효과. 현재 M0와 S4는 데이터 조건이 다름.,S3 초기 로그: 실제748 + 합성2934 + 배경2129 =5811장. 재개 로그의 배경 수는1985로 달라 전체 고정 membership은 미확인. S4 초기 전체 membership도 미확인. Hard mining은 30epoch×3 연속 loop이지 독립3seed가 아님.,
S3,1학기,1학기 합성 추가: 실제 + 휴리스틱 + 배경,,,,,보관 기록 참고,과거 custom DualHeadSegment 계열,과거 custom DualHeadSegment 계열,보관 로그 참고,독립 3seed 실험 아님,보관된 Validation/Test CSV. 이번에 다시 평가한 수치가 아님.,S4 ↔ S3: 1학기 내부 합성 효과. 현재 M0와 S4는 데이터 조건이 다름.,S3 초기 로그: 실제748 + 합성2934 + 배경2129 =5811장. 재개 로그의 배경 수는1985로 달라 전체 고정 membership은 미확인. S4 초기 전체 membership도 미확인. Hard mining은 30epoch×3 연속 loop이지 독립3seed가 아님.,
S4+HardMining,1학기,S4 이후 hard mining,,,,,보관 기록 참고,과거 custom DualHeadSegment 계열,과거 custom DualHeadSegment 계열,보관 로그 참고,독립 3seed 실험 아님,보관된 Validation/Test CSV. 이번에 다시 평가한 수치가 아님.,S4 ↔ S3: 1학기 내부 합성 효과. 현재 M0와 S4는 데이터 조건이 다름.,S3 초기 로그: 실제748 + 합성2934 + 배경2129 =5811장. 재개 로그의 배경 수는1985로 달라 전체 고정 membership은 미확인. S4 초기 전체 membership도 미확인. Hard mining은 30epoch×3 연속 loop이지 독립3seed가 아님.,
S3+HardMining,1학기,S3 이후 hard mining,,,,,보관 기록 참고,과거 custom DualHeadSegment 계열,과거 custom DualHeadSegment 계열,보관 로그 참고,독립 3seed 실험 아님,보관된 Validation/Test CSV. 이번에 다시 평가한 수치가 아님.,S4 ↔ S3: 1학기 내부 합성 효과. 현재 M0와 S4는 데이터 조건이 다름.,S3 초기 로그: 실제748 + 합성2934 + 배경2129 =5811장. 재개 로그의 배경 수는1985로 달라 전체 고정 membership은 미확인. S4 초기 전체 membership도 미확인. Hard mining은 30epoch×3 연속 loop이지 독립3seed가 아님.,
