filename,environment,object_area_ratio,fg_bg_color_distance,contrast_score,blur_score,edge_complexity,hard_positive_score,selected
image1000.jpg,non_snow,0.10203750,65.92196655,67.13253784,25117.87900586,9.58487473,0.60927359,False
image1001.jpg,non_snow,0.13337313,39.79943085,41.26431274,825.46695073,4.84785403,0.75570426,False
image1002.jpg,non_snow,0.20852863,32.73680496,32.54356384,3242.56522587,7.72206573,0.74774052,False
image1003.jpg,snow,0.09196395,20.23596382,17.60353088,512.44577284,7.68222805,0.85974001,False
image1004.jpg,snow,0.14152388,4.77442360,0.06886292,1112.40258542,7.65028010,0.88644419,False
image1005.jpg,snow,0.16323034,16.28100395,14.97831726,1314.78566473,6.01557153,0.82516083,False
image1006.jpg,snow,0.19228230,7.34231710,7.59805298,676.15010278,4.66351003,0.83431893,False
image1007.jpg,snow,0.07601826,24.91332054,23.50038147,1234.17770477,7.15660099,0.84517862,False
image1008.jpg,non_snow,0.44839410,70.22432709,68.57481384,1734.38207457,8.67951254,0.52124540,False
image501.jpg,non_snow,0.21742229,66.45959473,58.55776978,901.16206690,5.96464205,0.64634068,False
image502.jpg,non_snow,0.27835215,15.95786095,14.02854919,328.89440593,7.00302475,0.77948841,False
image503.jpg,non_snow,0.20025326,1.00474811,0.66463470,725.00988445,6.97918710,0.86223898,False
image504.jpg,non_snow,0.10579821,26.85175323,24.65170288,1361.60026342,8.93144913,0.83301471,False
image505.jpg,non_snow,0.18980370,23.59608650,21.75277328,2053.87811260,7.18490816,0.79145972,False
image506.jpg,non_snow,0.08974896,24.12657356,22.79994202,250.21064378,4.92981335,0.83483688,False
image507.jpg,non_snow,0.07224810,50.51860428,46.59224701,849.38432401,6.24621074,0.76469415,False
image508.jpg,non_snow,0.11376595,9.82903004,7.74528503,1688.60851633,8.63264614,0.88176320,False
image509.jpg,non_snow,0.21435730,3.97687101,3.36817169,1595.43532846,6.17251259,0.83889995,False
image510.jpg,non_snow,0.13854417,3.86678457,3.74294281,922.76534018,6.95888864,0.88177487,False
image511.jpg,non_snow,0.04975136,3.14269590,2.89173889,8632.68838261,6.30377983,0.89341051,True
image512.jpg,non_snow,0.13502579,27.72906303,24.66427994,1717.18857915,8.37299305,0.81321428,False
image513.jpg,non_snow,0.09331379,58.59151840,54.24144745,2182.46844988,5.30171816,0.71906949,False
image514.jpg,non_snow,0.09016212,7.71974134,3.37555695,2740.89951263,9.38874511,0.90261485,True
image515.jpg,non_snow,0.11347799,5.28003073,4.37064362,691.92442729,10.70107526,0.90839806,True
image516.jpg,non_snow,0.08978358,29.86029053,27.70072937,3855.40257580,4.54397842,0.80101172,False
image517.jpg,non_snow,0.36405284,16.32681084,14.17461395,459.19926020,6.13367863,0.73238792,False
image518.jpg,non_snow,0.16498330,10.37549782,9.27152252,990.98403320,7.37664253,0.85072885,False
image519.jpg,snow,0.10769052,28.19844627,27.44824219,1376.95710393,6.37692739,0.81396044,False
image520.jpg,non_snow,0.10191914,24.82397842,22.45001984,1474.95108155,5.22016609,0.82452316,False
image521.jpg,non_snow,0.13884751,22.42895889,19.48285675,682.94199801,6.50199106,0.82417616,False
image522.jpg,non_snow,0.03022372,8.32643509,7.13487244,1879.89448561,12.67458708,0.94357256,True
image523.jpg,non_snow,0.13504217,8.74395370,6.77987671,11354.64222486,7.85714608,0.83210722,False
image524.jpg,non_snow,0.19876398,2.54873419,2.33120728,506.96567142,4.98316518,0.84960769,False
image525.jpg,non_snow,0.41916811,10.08505726,9.65123749,389.95110089,5.84692740,0.72233330,False
image526.jpg,non_snow,0.14474446,14.29282761,12.21528625,331.33428160,8.82812700,0.85848956,False
image527.jpg,non_snow,0.20842643,1.91777205,0.44874573,142.41617868,6.37488335,0.85656185,False
image528.jpg,non_snow,0.10760999,32.69414139,25.48350525,160.89676542,5.01001567,0.80756514,False
image529.jpg,non_snow,0.30273389,10.74480057,6.35459137,863.84235848,6.28689653,0.78280001,False
image530.jpg,non_snow,0.42268107,19.92307663,17.41063690,11186.01448319,7.37819741,0.65481755,False
image531.jpg,non_snow,0.16243664,30.89088821,28.45379639,1628.04384762,7.25754990,0.78394647,False
image532.jpg,non_snow,0.22121480,10.69172192,7.04339600,2467.36609461,6.55199928,0.81631815,False
image533.jpg,non_snow,0.08819939,28.20413971,26.58349991,3120.23383847,7.74960378,0.82386713,False
image534.jpg,non_snow,0.15096228,9.23592281,1.77101135,14656.51832568,4.88733592,0.80401060,False
image535.jpg,non_snow,0.09252718,21.51097107,19.94284058,6773.85355709,13.38647316,0.85419612,False
image536.jpg,non_snow,0.16386326,19.49099350,18.76845551,9484.25685886,10.02585974,0.79859866,False
image537.jpg,non_snow,0.25123350,8.47384167,7.99816132,4052.09319400,5.99936144,0.79534702,False
image538.jpg,non_snow,0.31441032,5.96903229,5.89817810,12880.89793764,7.68197560,0.74398859,False
image539.jpg,non_snow,0.15650633,13.01096535,7.29193115,9154.88082204,5.52549070,0.81160909,False
image540.jpg,non_snow,0.22622100,35.20508575,31.31583405,517.85274801,5.22688166,0.73624222,False
image541.jpg,non_snow,0.18489511,17.64843941,14.16997910,1097.09720772,8.89744273,0.82725408,False
image542.jpg,non_snow,0.21171733,31.18926239,14.40064240,1454.45938514,8.99764804,0.78858106,False
image543.jpg,non_snow,0.20481539,5.65644979,3.21068573,722.96614665,7.43967156,0.85003513,False
image544.jpg,non_snow,0.16214892,17.66988373,16.39752197,510.44768336,9.59437949,0.84056136,False
image545.jpg,non_snow,0.09101724,16.07414246,9.37401199,1087.97424199,7.44845888,0.87634328,False
image546.jpg,non_snow,0.31412905,18.92144585,16.84647369,1639.84731047,8.76205751,0.75525610,False
image547.jpg,non_snow,0.03066044,16.68202400,16.73862457,5938.39097317,6.41288687,0.86954137,False
image548.jpg,non_snow,0.10290586,36.17507172,35.72227478,9256.47349368,9.00744287,0.76985173,False
image549.jpg,non_snow,0.23037809,4.57645464,0.49292755,1624.64896121,6.80155988,0.83696194,False
image550.jpg,non_snow,0.21905431,13.93263912,13.72860718,6475.49326320,9.83791659,0.80038957,False
image551.jpg,non_snow,0.10807726,1.66567791,0.94589233,2382.14091973,4.41852020,0.88727029,True
image552.jpg,non_snow,0.32294234,5.19706535,2.14449310,2954.05698607,6.49184208,0.78153316,False
image553.jpg,non_snow,0.07364865,14.08627796,15.19155121,3362.77964200,7.07108281,0.86891958,False
image554.jpg,non_snow,0.16189511,18.02398300,14.51826477,522.05835506,6.18921083,0.82735770,False
image555.jpg,non_snow,0.18866875,21.57507133,17.67615509,1900.59983181,6.11942520,0.79741575,False
image556.jpg,non_snow,0.44981728,7.39674234,4.27921295,3790.66173546,5.91568751,0.70663504,False
image557.jpg,non_snow,0.10941667,90.62467194,88.31041336,699.11329584,12.01219477,0.64019754,False
image558.jpg,non_snow,0.13087336,28.77659035,28.10891724,3361.50505748,5.71423786,0.78962390,False
image559.jpg,non_snow,0.07682044,21.49948502,21.41424561,2991.60286520,15.21529781,0.88330040,True
image560.jpg,non_snow,0.18466758,0.84729391,1.13240814,2414.68065498,7.26958185,0.86390214,False
image561.jpg,non_snow,0.10306448,7.39388275,6.47054291,2566.61577801,6.40722486,0.87959149,False
image562.jpg,non_snow,0.13036782,30.16448784,29.11441803,1345.35446519,5.71069166,0.79405582,False
image563.jpg,non_snow,0.08883291,23.24538612,22.17029572,736.61058405,4.63604453,0.83448786,False
image564.jpg,non_snow,0.28836654,6.00755072,5.13433838,7413.77041464,5.98466250,0.77219271,False
image565.jpg,non_snow,0.28858198,6.11702538,1.46545410,1526.58341548,6.43742471,0.80315947,False
image566.jpg,non_snow,0.13489877,19.80066681,19.79108429,3503.66551709,5.97589269,0.81655767,False
image567.jpg,non_snow,0.07271786,54.58138657,49.28359222,1819.83709073,4.16101075,0.73987471,False
image568.jpg,non_snow,0.01741464,30.98496819,30.17176819,13829.55530288,7.17694633,0.80216095,False
image569.jpg,non_snow,0.02106481,38.09681702,34.86045074,3734.96438780,9.77209723,0.83337231,False
image570.jpg,non_snow,0.20248414,10.95363998,11.11718750,1691.00884638,10.20874228,0.83868535,False
image601.jpg,non_snow,0.11230225,18.25068474,16.85191345,10127.99687059,7.57952480,0.81508858,False
image602.jpg,non_snow,0.22332275,36.38201523,33.39785767,5329.37225413,6.33576099,0.71802392,False
image603.jpg,non_snow,0.09249268,24.18473434,10.57040405,5185.15507590,7.94736874,0.84499879,False
image604.jpg,non_snow,0.22753906,9.95555496,3.07225800,6344.93254125,6.98090475,0.80661882,False
image605.jpg,non_snow,0.44392643,9.51308537,8.52429199,4478.02501134,5.09371381,0.69298512,False
image606.jpg,non_snow,0.22043132,41.29774857,36.51752090,2898.45548692,11.56970062,0.73956406,False
image607.jpg,non_snow,0.36136406,23.34595108,17.56052399,666.02160364,12.56724467,0.74441395,False
image608.jpg,non_snow,0.25018555,17.35808182,10.09358978,4403.23644117,6.55084414,0.77793352,False
image609.jpg,non_snow,0.31639160,118.00227356,107.92473221,8504.12250318,6.08238060,0.40306691,False
image610.jpg,non_snow,0.05619385,3.31341243,2.43808746,22658.62777441,6.41974676,0.83435999,False
image611.jpg,non_snow,0.04947998,72.26785278,58.88018799,5080.76832815,5.94227485,0.70027665,False
image612.jpg,non_snow,0.21859619,73.92419434,70.34007263,326.06576875,6.47313931,0.61973702,False
image613.jpg,non_snow,0.22837402,18.82532692,5.99231720,579.03728261,5.39495884,0.80220577,False
image614.jpg,non_snow,0.03862793,39.28900528,35.75476837,11121.67931850,10.02080440,0.79257882,False
image615.jpg,non_snow,0.09973389,8.03892040,3.62651825,3768.71729156,12.01702554,0.90473615,True
image616.jpg,non_snow,0.23341493,46.94442368,47.74772644,6431.06663224,6.16650494,0.66790053,False
image617.jpg,non_snow,0.32017822,23.24355698,18.80675125,8014.69234111,6.69225635,0.70651092,False
image618.jpg,non_snow,0.16760742,18.74748802,16.93235779,2591.51114540,6.87332415,0.81445088,False
image619.jpg,non_snow,0.22687744,34.69422150,31.65012360,1218.29725946,5.35628088,0.73409662,False
image620.jpg,non_snow,0.04476318,55.54895782,48.59519958,1125.14082647,6.71107354,0.76712084,False
image621.jpg,non_snow,0.13836182,28.81513977,27.46417999,16170.85253925,5.30655518,0.73313858,False
image622.jpg,non_snow,0.09852539,20.67633629,17.93885803,11826.56852268,6.08692803,0.80223158,False
image623.jpg,non_snow,0.31493652,4.00578594,0.84550476,5446.38094971,8.28436543,0.78749083,False
image624.jpg,non_snow,0.31199707,6.14808083,1.81800079,970.53826880,6.70713284,0.79464716,False
image625.jpg,non_snow,0.16927323,14.76485348,12.04997253,1859.56003203,6.86948651,0.83088484,False
image626.jpg,non_snow,0.49146246,18.17823219,16.02149200,138.81829911,6.78896137,0.66853046,False
image627.jpg,non_snow,0.38882303,52.51337433,50.38861847,11250.39202038,5.83418248,0.55729167,False
image628.jpg,non_snow,0.27816706,31.63525009,27.98107147,2830.27550791,7.07087530,0.72119341,False
image629.jpg,non_snow,0.39523556,2.94045997,1.09014893,1086.92350905,8.71259744,0.76949824,False
image630.jpg,non_snow,0.06085156,45.23666382,43.64203644,14999.27501495,6.26097101,0.72681220,False
image691.jpg,non_snow,0.35844851,6.64622116,4.64832306,5684.87226461,10.89982366,0.76683997,False
image692.jpg,non_snow,0.42168701,12.85128880,13.29695129,3488.78937536,6.17789433,0.69974950,False
image693.jpg,non_snow,0.45324611,30.48840523,25.33831024,2739.42926284,8.26651129,0.64757838,False
image694.jpg,non_snow,0.56878397,9.48969936,6.69910431,2593.32551428,6.03161789,0.64673023,False
image695.jpg,non_snow,0.31056000,9.72778893,8.43390656,3479.06767288,8.22524686,0.77593673,False
image696.jpg,non_snow,0.42348691,8.21686554,6.74363708,3240.78970746,5.85460055,0.71633252,False
image697.jpg,non_snow,0.49660606,32.83703232,27.96077728,1884.00857681,6.75878691,0.61503573,False
image698.jpg,non_snow,0.61481201,17.29258919,14.11357880,7548.18815822,6.09820500,0.57967640,False
image699.jpg,non_snow,0.40023822,101.23581696,100.86967468,2921.67751471,5.72848328,0.42360796,False
image700.jpg,non_snow,0.35791111,10.33150959,8.08292389,7684.28134959,6.34954430,0.72678141,False
image701.jpg,non_snow,0.39405727,25.98407745,21.93800354,3016.35748546,6.62077310,0.68091859,False
image702.jpg,non_snow,0.19828267,18.30464745,16.12217712,5120.86669451,5.95474139,0.78708679,False
image703.jpg,non_snow,0.56340893,47.42847443,45.90166473,2879.92052233,5.80578263,0.52167011,False
image704.jpg,non_snow,0.20143405,6.94724703,6.08654022,2590.37842611,6.48635087,0.83327773,False
image705.jpg,non_snow,0.29444089,18.77946472,9.46570587,49438.85236852,8.74315838,0.58229445,False
image706.jpg,non_snow,0.53233831,8.33345318,3.40384674,3013.80990182,6.86970019,0.67348525,False
image707.jpg,non_snow,0.18931553,33.65676880,30.78308105,1532.49136984,7.42965705,0.76363902,False
image708.jpg,non_snow,0.32695644,17.58838081,14.46073151,10204.55224139,10.13525494,0.72642369,False
image709.jpg,non_snow,0.33159644,36.06626129,33.97780609,3459.99635107,4.83747018,0.66576604,False
image710.jpg,non_snow,0.15104711,22.82283401,18.31060028,2148.78918726,6.59455502,0.81372733,False
image711.jpg,non_snow,0.56791949,52.87231827,46.69698334,4014.33985905,5.78339310,0.50385350,False
image712.jpg,non_snow,0.40562892,21.95716286,18.46728516,3295.20486284,6.91061918,0.68776925,False
image713.jpg,non_snow,0.47178399,28.57464218,25.49935913,521.54988792,6.35671293,0.64208057,False
image714.jpg,non_snow,0.25611733,37.65078735,34.82402039,3383.50852633,6.89389865,0.70807991,False
image715.jpg,non_snow,0.36966708,21.57465744,19.36784363,2062.12413478,5.70155943,0.70418385,False
image716.jpg,non_snow,0.42327495,30.40250778,27.23948669,5713.10116245,6.30267265,0.63862604,False
image717.jpg,non_snow,0.24562157,46.40851593,43.22280884,5653.09052432,6.11683803,0.67247469,False
image718.jpg,non_snow,0.49958912,41.84415817,36.98300934,1900.73140271,4.91157933,0.57578236,False
image719.jpg,non_snow,0.31699556,3.81725383,1.30678558,18183.12063745,5.95848187,0.72405396,False
image720.jpg,non_snow,0.44702222,75.05687714,74.54914856,13584.18972939,7.19936382,0.44981186,False
image721.jpg,non_snow,0.30099609,92.00565338,90.33765411,7355.47455820,6.02753134,0.48736231,False
image722.jpg,non_snow,0.18000178,32.12589645,29.91497040,4686.00992802,6.00741616,0.75299261,False
image723.jpg,non_snow,0.15633198,25.79550362,17.60237885,452.78515525,7.57012356,0.81814283,False
image724.jpg,non_snow,0.41516632,4.61840439,3.90544891,1475.92211211,9.01475435,0.75244008,False
image725.jpg,non_snow,0.31506131,14.02482605,13.25492859,7308.70813227,9.73994051,0.75031423,False
image726.jpg,non_snow,0.16242797,28.20298576,26.79730225,711.63961430,6.76294016,0.79267145,False
image727.jpg,non_snow,0.22465937,36.53104019,33.44552612,4332.41247727,5.89909490,0.71909738,False
image728.jpg,non_snow,0.31723452,18.67622948,16.86276245,1352.90700374,8.36963855,0.75354526,False
image729.jpg,non_snow,0.13942857,24.65665245,22.89255524,1619.60190939,5.09052501,0.80472214,False
image730.jpg,non_snow,0.30204492,17.56709480,15.31232452,7805.85377776,6.98968145,0.73283825,False
image731.jpg,non_snow,0.17334973,23.37405396,21.14311218,5905.29941112,13.11197338,0.81198398,False
image732.jpg,non_snow,0.25391822,7.45204306,6.98668671,10827.44534802,7.07071681,0.77476426,False
image733.jpg,non_snow,0.22476800,48.60138702,42.61975861,2757.28310465,7.21868478,0.69630131,False
image734.jpg,non_snow,0.61760797,22.86610031,23.33084869,12710.51162914,6.19923768,0.53435851,False
image735.jpg,non_snow,0.22097534,18.30939293,9.88697815,30274.94771485,7.47015905,0.69016342,False
image736.jpg,non_snow,0.22720178,45.27958298,44.59975433,23157.92336289,6.80204865,0.61367266,False
image737.jpg,non_snow,0.36552950,39.80332184,36.00489807,6312.62099113,7.04907687,0.63801034,False
image738.jpg,non_snow,0.43883681,65.31966400,63.20901489,1989.74022195,5.47140354,0.52701918,False
image739.jpg,non_snow,0.49974129,47.35249710,44.76083374,8197.12194947,5.47146729,0.53146428,False
image740.jpg,non_snow,0.19549316,63.50704193,61.95207214,2470.62765276,5.63227983,0.64948245,False
image741.jpg,non_snow,0.26244358,11.07308197,8.89531708,1124.05450412,5.53093070,0.79364705,False
image742.jpg,non_snow,0.21977648,20.85724449,19.42317200,1167.56946778,5.73802216,0.78222305,False
image743.jpg,non_snow,0.08733073,8.36835861,5.07783508,1537.31394502,5.36276740,0.88699900,True
image744.jpg,non_snow,0.59156863,29.08286858,22.50760651,2843.67680518,5.80473579,0.57528258,False
image745.jpg,non_snow,0.06411458,6.84895754,2.02117157,1519.96639459,5.90016021,0.90802058,True
image746.jpg,non_snow,0.06478733,10.55700111,8.35108185,1542.09808280,6.45420666,0.89417893,True
image747.jpg,non_snow,0.08254123,8.06772518,5.12152863,1493.79573110,6.97606165,0.89728121,True
image748.jpg,non_snow,0.06281684,7.14680910,1.00350952,1546.13669593,6.68817094,0.91307012,True
image749.jpg,non_snow,0.09598204,14.58450127,11.43196106,5762.44739991,6.46481477,0.85019785,False
image750.jpg,non_snow,0.07349718,8.70579052,5.23706818,1494.96292417,6.89014086,0.89998227,True
image751.jpg,non_snow,0.29773408,21.70209122,11.01916504,11203.38361742,7.10323734,0.72058087,False
image752.jpg,non_snow,0.06249023,10.27511120,7.87832642,1497.66578689,6.76285124,0.89807296,True
image753.jpg,non_snow,0.18312934,24.85489082,22.57740021,318.85171912,6.70672716,0.79610944,False
image754.jpg,non_snow,0.08464264,46.56141281,41.67798233,8551.20195895,10.15277764,0.75943743,False
image755.jpg,non_snow,0.13733181,24.47003555,22.52037811,243.71100448,6.03458969,0.81646579,False
image756.jpg,non_snow,0.16922309,15.80544567,13.65193939,156.80641380,5.31672963,0.82656614,False
image757.jpg,non_snow,0.30494611,31.80703354,29.07816315,3980.18599863,4.60459704,0.69041435,False
image758.jpg,non_snow,0.19196987,9.37436199,9.58876801,4081.39629350,7.17316522,0.82547202,False
image759.jpg,non_snow,0.45856269,110.60597229,111.28300476,1941.12957582,7.87513431,0.37679658,False
image760.jpg,non_snow,0.13101560,44.47235870,41.43489838,7909.13130554,7.64835397,0.73221100,False
image761.jpg,non_snow,0.26783331,9.64583015,6.63116455,3645.48602195,5.74499281,0.78765766,False
image762.jpg,non_snow,0.21446181,27.91322327,27.23484802,2552.21806207,9.98544778,0.77431385,False
image763.jpg,snow,0.16851667,40.53012848,41.22915649,1169.85358492,5.25799062,0.73778002,False
image764.jpg,non_snow,0.49232910,14.70058250,3.19871521,634.05109203,6.28178470,0.68884930,False
image765.jpg,non_snow,0.13231103,24.15271759,24.75723267,4812.79704353,4.97044689,0.79288579,False
image766.jpg,non_snow,0.17676667,27.19992065,27.99030304,11983.33706108,9.62551395,0.75303735,False
image767.jpg,non_snow,0.16577591,19.71687508,18.36116028,9063.76628133,7.56353607,0.78842436,False
image768.jpg,non_snow,0.18156494,4.03870344,2.80264282,21534.46872724,8.48064336,0.78530104,False
image769.jpg,non_snow,0.36170654,96.33150482,93.54064941,2211.05957735,7.73893929,0.47389667,False
image770.jpg,non_snow,0.11279641,17.67969322,14.29820251,5834.32581403,5.65971169,0.82831940,False
image771.jpg,non_snow,0.06349545,12.33584213,9.53288269,1406.91155587,7.13864256,0.89353005,True
image772.jpg,non_snow,0.31176000,10.87556934,1.61408997,4282.10554361,7.14642844,0.77516617,False
image773.jpg,non_snow,0.08890454,30.36117554,26.94225311,1124.79728420,8.84328151,0.83215811,False
image774.jpg,non_snow,0.29388653,24.22071457,19.95936584,1281.36571955,6.73086819,0.74332158,False
image775.jpg,non_snow,0.35534145,59.42073441,56.77601624,2175.93009016,6.25012981,0.59048609,False
image776.jpg,snow,0.14447202,62.44622803,63.89117432,482.30285071,6.34968816,0.68470034,False
image777.jpg,non_snow,0.11359036,82.47050476,82.26934814,2657.77737263,10.37523652,0.64630362,False
image778.jpg,non_snow,0.42046581,34.14667130,30.60869598,4290.73256878,6.58626127,0.63538489,False
image779.jpg,non_snow,0.17875313,29.38181305,27.50747681,3718.68304349,8.60750097,0.77772799,False
image780.jpg,non_snow,0.23830237,5.42939281,2.80949402,2741.65372596,6.54821545,0.82250469,False
image781.jpg,non_snow,0.06050505,8.21638775,5.29334259,2424.89871909,4.69984947,0.89343592,True
image782.jpg,non_snow,0.07323592,73.32379150,73.20204926,1090.82730582,7.35870517,0.68836370,False
image783.jpg,non_snow,0.24265348,47.17062759,43.00379181,7424.19098491,6.17199570,0.66595426,False
image784.jpg,non_snow,0.09234568,51.32972336,49.87763977,3693.67203035,5.74689238,0.73485152,False
image785.jpg,snow,0.22637844,42.82767105,42.83418274,344.23256649,9.53021147,0.72577672,False
image786.jpg,non_snow,0.09834491,12.22451687,12.15315247,3995.90305689,7.56034334,0.86432682,False
image787.jpg,snow,0.29609195,120.52371979,116.73631287,2927.03327049,11.24976887,0.44147219,False
image788.jpg,non_snow,0.04695780,36.63571548,34.05146790,1157.18037086,5.18345917,0.81424212,False
image789.jpg,non_snow,0.10542740,64.27435303,61.91189575,4127.23870272,9.11564154,0.70110620,False
image790.jpg,non_snow,0.15847331,34.35723495,32.38127899,4721.19978223,5.33798921,0.75269718,False
image791.jpg,non_snow,0.36849630,14.47914314,13.29289246,4696.13099932,7.25728530,0.72275305,False
image792.jpg,non_snow,0.27177930,6.25873280,5.60123444,5933.41469285,8.29643944,0.79559212,False
image793.jpg,non_snow,0.07269069,13.21062088,7.38298035,4793.37098250,6.96677901,0.87614428,False
image794.jpg,non_snow,0.01379937,49.18374634,47.19160461,14629.62156605,13.68624397,0.77254417,False
image795.jpg,snow,0.06397598,56.38814545,56.74625397,3334.49587671,5.29567132,0.72894995,False
image830.jpg,non_snow,0.16587131,8.22464180,3.57923889,130.57918900,6.53222740,0.86216472,False
image831.jpg,non_snow,0.13689453,7.16008234,5.86171722,217.96188895,4.63316735,0.86590291,False
image832.jpg,non_snow,0.13090495,51.73032761,49.38910675,379.54496960,8.23997636,0.74075502,False
image833.jpg,non_snow,0.23920681,35.22445297,33.29066467,742.30986335,5.60998236,0.72780642,False
image834.jpg,non_snow,0.17505642,24.88776398,22.87220001,591.30924080,5.12753381,0.79130620,False
image835.jpg,non_snow,0.01999218,46.65195847,43.81816101,668.30496441,8.03024963,0.80996216,False
image836.jpg,non_snow,0.30159760,92.04997253,87.64873505,2761.50118027,4.90246575,0.50444707,False
image837.jpg,non_snow,0.21088906,91.27612305,91.15718079,1086.31901039,6.71717882,0.55988523,False
image838.jpg,snow,0.14532608,140.33184814,136.42692184,1804.19346909,5.05140103,0.42707358,False
image868.jpg,non_snow,0.06754015,41.18526077,39.25707245,193.50987460,9.35255346,0.81118170,False
image869.jpg,non_snow,0.07134006,48.25673676,45.67957687,190.16609578,7.71402443,0.77983775,False
image870.jpg,non_snow,0.07116319,46.45247269,43.72057724,177.75965128,8.66889617,0.79040030,False
image871.jpg,non_snow,0.22545610,6.31356335,3.55522156,129.38507964,5.69469848,0.83280387,False
image872.jpg,non_snow,0.07291884,48.15294266,45.25265503,156.77965965,7.69933361,0.77994930,False
image873.jpg,non_snow,0.04620334,34.74905777,32.94751358,173.20009453,8.40221231,0.83815372,False
image874.jpg,non_snow,0.06789931,6.18194056,3.07555771,155.15360646,6.76286658,0.91525376,True
image875.jpg,non_snow,0.02381293,4.34338427,2.65129089,49.10245978,13.21374839,0.97026388,True
image876.jpg,non_snow,0.02891276,2.81894588,0.57650757,118.60340771,12.23266975,0.96883498,True
image886.jpg,non_snow,0.19450629,28.49944115,27.85644531,184.81069780,4.37873242,0.76630287,False
image887.jpg,non_snow,0.26725803,36.75197601,36.78840637,192.03909333,5.62151331,0.70854835,False
image888.jpg,non_snow,0.20775282,31.17997932,31.29252625,194.04474890,5.69145375,0.75590340,False
image889.jpg,non_snow,0.08957465,16.05400085,15.00912476,217.17421694,5.54115576,0.86371638,False
image890.jpg,non_snow,0.05699110,21.07422256,19.90119934,233.02722754,5.95976122,0.86525161,False
image891.jpg,non_snow,0.35776259,13.41008759,12.58126831,243.33852683,6.88412915,0.74728656,False
image892.jpg,non_snow,0.44681749,14.04959488,13.30434418,191.82692980,6.41339011,0.69975938,False
image893.jpg,non_snow,0.39947410,16.19337082,15.21830750,773.44489541,5.65799991,0.71041016,False
image894.jpg,non_snow,0.13476997,23.95301819,23.84709167,349.07580726,7.79013163,0.82420892,False
image895.jpg,snow,0.08352322,15.77675438,17.01185608,437.19719731,11.38942865,0.88978649,False
image896.jpg,non_snow,0.40954970,15.51371479,14.65051270,135.35078542,6.03150679,0.71182413,False
image897.jpg,non_snow,0.45257378,7.16139317,6.31317139,118.42356441,4.99030429,0.71341448,False
image898.jpg,snow,0.01584961,23.55543900,24.63787842,63.37214633,4.95251776,0.87003797,False
image899.jpg,snow,0.01539822,22.54192924,23.56893921,63.56570831,7.20749612,0.88384109,False
image900.jpg,snow,0.01545030,22.98723412,23.95977783,65.25422546,7.49583769,0.88374172,False
image901.jpg,snow,0.08264865,16.54181862,17.74891663,423.25138210,11.28967576,0.88736566,False
image902.jpg,snow,0.01660807,23.30722427,24.31169128,65.42237198,6.76509789,0.87878190,False
image903.jpg,snow,0.00579753,21.34945488,23.06716919,47.21309719,11.94254696,0.91287660,True
image904.jpg,non_snow,0.16046890,18.37785339,17.00163269,1987.55208144,6.38921825,0.81874657,False
image905.jpg,snow,0.00602214,19.55265999,21.00822449,52.52105779,11.75591609,0.91814182,True
image906.jpg,snow,0.09740885,39.26259995,42.07849121,184.78963711,7.68860528,0.78844237,False
image907.jpg,snow,0.13798394,44.38773346,47.00953674,129.96235978,6.82713544,0.74857573,False
image908.jpg,snow,0.17473633,40.70936584,42.81413269,129.17865044,9.08078076,0.75360792,False
image909.jpg,snow,0.23398329,34.73867798,36.83316040,138.74033817,7.62378075,0.73757952,False
image910.jpg,snow,0.08135851,36.21151352,38.35792542,140.44275721,9.38407481,0.81503826,False
image911.jpg,snow,0.05950629,24.56150627,25.20231628,132.87827448,9.36469057,0.86580675,False
image912.jpg,non_snow,0.04194444,38.92282867,38.78191376,249.58197403,9.71231307,0.82980754,False
image913.jpg,snow,0.05238932,24.38161278,24.91407776,186.61241841,8.93551468,0.86786152,False
image914.jpg,snow,0.05297309,22.44821548,22.89202881,160.37634821,8.77786713,0.87340124,False
image915.jpg,snow,0.35194180,6.64042568,8.85351562,6176.55460693,5.71466145,0.73840933,False
image916.jpg,snow,0.05238715,21.97873306,22.37538147,167.98515042,9.51309805,0.87858076,False
image917.jpg,non_snow,0.39584527,52.01939392,53.11940002,236.31552625,7.95234605,0.60492922,False
image918.jpg,non_snow,0.17097114,68.42050171,61.26258087,205.26818540,7.39678723,0.67079193,False
image919.jpg,snow,0.21012804,34.28669739,37.12431335,65.07502422,7.17822215,0.74787110,False
image920.jpg,non_snow,0.03648003,28.21008110,27.74442291,280.31879094,6.09484578,0.85137339,False
image921.jpg,non_snow,0.03174588,36.23732758,36.23954010,189.86277439,8.54421254,0.83827827,False
image922.jpg,snow,0.00956597,2.13949752,0.11636353,316.94663465,9.10508402,0.96520649,True
image923.jpg,non_snow,0.25418294,12.02051926,13.86885071,392.70952067,8.12980977,0.80339634,False
image924.jpg,non_snow,0.27593207,4.37765074,5.60145569,390.86662125,7.72618296,0.81680339,False
image925.jpg,snow,0.08384364,34.17266083,33.65760803,2573.56162013,15.17993309,0.84073859,False
image926.jpg,non_snow,0.27363469,5.53051186,0.51849365,7853.13926696,7.82421245,0.79353866,False
image927.jpg,non_snow,0.00418254,38.80043411,36.65962219,403.80128228,5.39333764,0.83138274,False
image928.jpg,non_snow,0.48020833,14.77398205,10.82756042,1871.27472633,6.26682109,0.67835770,False
image929.jpg,snow,0.14316979,77.26090240,75.76616669,982.69030042,6.35878310,0.63937999,False
image930.jpg,non_snow,0.05094454,27.54697990,23.89067841,3666.03330150,4.54502567,0.83044547,False
image931.jpg,non_snow,0.00262670,62.66592026,62.93512726,3873.76811169,6.17637886,0.74031854,False
image932.jpg,non_snow,0.00219387,15.24659729,8.22622681,5762.86535297,4.78378168,0.89181438,True
image933.jpg,non_snow,0.10865613,72.08682251,71.59933472,7940.85522759,7.14060183,0.64694577,False
image934.jpg,non_snow,0.12842895,49.59942245,47.77369690,8532.89318543,6.55812242,0.70752794,False
image935.jpg,snow,0.07593703,43.16756058,44.50971985,864.16688452,6.24029641,0.77903964,False
image936.jpg,snow,0.05124457,85.25969696,84.13884735,5123.68626735,4.48324397,0.63231053,False
image973.jpg,snow,0.00201823,5.06095457,1.70184326,71.22471319,4.92744990,0.94342213,True
image974.jpg,snow,0.00236328,4.43176174,3.99230957,70.45604060,4.84617819,0.94065772,True
image975.jpg,snow,0.00255317,4.18563318,3.46656799,69.28498408,4.71078856,0.94116979,True
image976.jpg,snow,0.34664356,20.89052200,20.16645813,574.11503749,5.41721057,0.72019810,False
image977.jpg,snow,0.00221029,5.34885359,5.83441162,73.71932245,4.67939910,0.93561913,True
image978.jpg,snow,0.01035373,13.03729153,15.22393799,76.53901150,7.28447584,0.91587026,True
image979.jpg,snow,0.00865451,17.37662697,19.98045349,71.95071774,7.35701589,0.90229106,False
image980.jpg,snow,0.19432918,54.54581833,54.81938171,853.56118596,6.91561071,0.68892532,False
image981.jpg,snow,0.00822157,17.97711754,20.62081909,77.30307288,7.27041113,0.90007316,False
image982.jpg,snow,0.00848416,15.40181160,17.74491882,66.12754082,6.88834422,0.90709620,True
image983.jpg,snow,0.01849935,26.38870621,28.02903748,70.70805088,6.83717365,0.86718948,False
image984.jpg,snow,0.01569661,27.13729858,28.63932800,76.11466582,7.20217784,0.86794761,False
image985.jpg,snow,0.01406033,30.21955681,31.92558289,83.25375994,6.90496447,0.85702737,False
image986.jpg,snow,0.01230903,26.66113281,28.25207520,91.27394719,6.20744812,0.86645927,False
image987.jpg,snow,0.01241211,28.40441322,30.14822388,86.01142248,5.40131619,0.85687844,False
image988.jpg,snow,0.49654472,42.39627838,44.75627136,774.57191581,4.39614397,0.56710394,False
image989.jpg,snow,0.12768293,78.46905518,81.25300598,889.27037204,7.66443814,0.64299819,False
image990.jpg,snow,0.17407537,13.35133266,12.41172791,438.73439574,6.14728592,0.83303413,False
image991.jpg,snow,0.35847490,11.87179852,12.27619934,7401.06805644,6.72842040,0.72045610,False
image992.jpg,snow,0.15020891,5.35086632,0.78953552,346.18709357,6.27495146,0.87700328,False
image993.jpg,snow,0.16413015,43.62821960,44.73149109,376.66123796,5.25705052,0.73243560,False
image994.jpg,non_snow,0.37350051,51.88155365,49.63116455,312.60455131,5.61346669,0.61029403,False
image995.jpg,snow,0.20115169,34.06101608,35.00923157,662.28391835,5.09261383,0.74390059,False
image996.jpg,snow,0.16238122,35.53908539,36.27880859,553.75221070,5.47827724,0.76046749,False
image997.jpg,non_snow,0.17286751,65.01320648,64.90943146,1777.91153766,6.71827441,0.66118872,False
image998.jpg,non_snow,0.20308989,60.84555435,61.17233276,1926.26940236,6.16354163,0.65630137,False
image999.jpg,snow,0.19761470,55.73049545,58.77775574,458.89592900,5.87738904,0.67629712,False
imgR160.jpg,non_snow,0.14585069,7.11766624,0.16687775,354.63719131,7.72486240,0.88339774,True
imgR161.jpg,non_snow,0.15034667,23.47154045,21.49199677,200.47121645,5.25175587,0.81005539,False
imgR162.jpg,non_snow,0.26438004,3.60214424,2.00586700,2634.92064339,6.83465838,0.81597757,False
imgR163.jpg,non_snow,0.09485156,56.86758041,51.33533478,4974.24594581,4.33542891,0.70999705,False
imgR164.jpg,non_snow,0.10141689,44.04632568,38.86454773,14502.53932916,5.19481574,0.71337297,False
imgR165.jpg,non_snow,0.35219474,46.01716995,46.76352692,11866.12236821,7.19526620,0.59576537,False
imgR167.jpg,non_snow,0.38374222,35.60511017,33.72348022,761.89086132,5.48150704,0.65539140,False
imgR168.jpg,non_snow,0.27061333,4.77492714,2.94373703,790.73583965,6.84437401,0.81697379,False
imgR169.jpg,non_snow,0.45888889,18.43778801,8.78018188,2235.14663338,7.84300236,0.69083959,False
imgR170.jpg,non_snow,0.37335654,51.89513779,32.98295593,4684.94260373,9.04403410,0.63257035,False
imgR171.jpg,non_snow,0.25617600,10.70898628,10.91790771,4481.88545166,7.90285587,0.79151925,False
imgR172.jpg,non_snow,0.32412553,73.46987915,72.64363861,8040.84744395,6.50649705,0.53465584,False
imgR173.jpg,non_snow,0.34383467,25.79502869,24.76955414,2280.51498087,6.18371595,0.70258243,False
imgR174.jpg,non_snow,0.05985918,9.05714035,0.70650482,26237.56823912,6.00554858,0.80845338,False
imgR175.jpg,non_snow,0.23692800,37.77081299,34.07326508,11166.18956859,4.29241076,0.67503658,False
imgR176.jpg,non_snow,0.10806756,45.30913925,39.61604309,12674.67769197,4.53563620,0.71118622,False
imgR177.jpg,non_snow,0.18125511,67.33970642,50.56079102,17952.54551351,5.25304150,0.60185397,False
imgR178.jpg,non_snow,0.13548622,25.95772552,13.65845490,14353.43424612,5.51826518,0.76822737,False
imgR179.jpg,non_snow,0.22985956,16.00535583,10.11620331,15651.39269383,5.72945973,0.74096846,False
imgR180.jpg,non_snow,0.35672533,2.43424988,1.36100006,15529.07933105,6.96832342,0.72240598,False
