source_image,object_name,environment,bbox_x,bbox_y,bbox_w,bbox_h,object_area
train1.jpg,train1_obj1,non_snow,5,34,228,442,35210.0
train10.jpg,train10_obj1,non_snow,125,73,553,430,93922.0
train100.jpg,train100_obj1,non_snow,134,116,1275,824,450516.0
train101.jpg,train101_obj1,non_snow,36,246,1192,369,194904.0
train102.jpg,train102_obj1,non_snow,1,130,879,1323,704486.0
train103.jpg,train103_obj1,non_snow,234,193,385,245,35715.0
train104.jpg,train104_obj1,non_snow,133,30,216,443,66150.0
train105.jpg,train105_obj1,non_snow,177,79,462,524,119239.0
train106.jpg,train106_obj1,non_snow,238,259,597,299,59407.0
train107.jpg,train107_obj1,non_snow,512,274,158,222,25506.0
train108.jpg,train108_obj1,non_snow,457,443,259,323,27232.0
train109.jpg,train109_obj1,non_snow,405,204,946,1233,519133.0
train11.jpg,train11_obj1,non_snow,866,276,371,646,134530.0
train110.jpg,train110_obj1,non_snow,333,130,163,438,36047.0
train111.jpg,train111_obj1,non_snow,324,392,424,324,77049.0
train112.jpg,train112_obj1,non_snow,357,15,491,695,221873.0
train113.jpg,train113_obj1,non_snow,351,120,224,293,37174.0
train114.jpg,train114_obj1,non_snow,325,43,309,336,57151.0
train115.jpg,train115_obj1,non_snow,379,7,372,393,62727.0
train116.jpg,train116_obj1,non_snow,258,40,421,717,200015.0
train117.jpg,train117_obj1,non_snow,6,11,476,255,62019.0
train118.jpg,train118_obj1,non_snow,267,0,691,838,351415.0
train119.jpg,train119_obj1,non_snow,172,97,984,582,316820.0
train12.jpg,train12_obj1,non_snow,500,288,410,422,65853.0
train120.jpg,train120_obj1,non_snow,155,202,1066,514,250658.0
train121.jpg,train121_obj1,non_snow,261,69,624,647,242424.0
train122.jpg,train122_obj1,non_snow,399,194,490,521,143850.0
train123.jpg,train123_obj1,non_snow,173,92,820,606,219637.0
train124.jpg,train124_obj1,non_snow,281,179,752,538,223209.0
train125.jpg,train125_obj1,non_snow,80,143,1124,1159,549602.0
train126.jpg,train126_obj1,non_snow,40,107,544,481,140735.0
train127.jpg,train127_obj1,non_snow,122,111,220,143,18635.0
train128.jpg,train128_obj1,non_snow,2,27,494,553,104570.0
train129.jpg,train129_obj1,non_snow,124,41,429,549,87898.0
train13.jpg,train13_obj1,snow,467,81,136,462,35856.0
train130.jpg,train130_obj1,non_snow,14,36,86,182,6228.0
train131.jpg,train131_obj1,non_snow,8,34,290,571,79334.0
train132.jpg,train132_obj1,non_snow,192,38,941,526,221541.0
train133.jpg,train133_obj1,non_snow,346,0,661,686,199650.0
train134.jpg,train134_obj1,non_snow,182,121,360,565,147734.0
train135.jpg,train135_obj1,non_snow,239,0,237,936,159153.0
train136.jpg,train136_obj1,non_snow,99,174,650,1232,435443.0
train137.jpg,train137_obj1,non_snow,43,98,422,523,94020.0
train138.jpg,train138_obj1,non_snow,181,85,276,309,38673.0
train139.jpg,train139_obj1,non_snow,315,96,213,446,56055.0
train14.jpg,train14_obj1,snow,475,97,151,427,38599.0
train140.jpg,train140_obj1,non_snow,1314,1952,1379,1875,1198625.0
train141.jpg,train141_obj1,non_snow,48,245,250,262,41979.0
train142.jpg,train142_obj1,non_snow,297,151,203,435,58701.0
train143.jpg,train143_obj1,non_snow,60,112,548,212,41438.0
train144.jpg,train144_obj1,non_snow,63,36,744,1725,859690.0
train145.jpg,train145_obj1,non_snow,89,212,371,366,63714.0
train146.jpg,train146_obj1,non_snow,879,1734,1696,1196,906347.0
train147.jpg,train147_obj1,non_snow,51,216,397,413,76512.0
train148.jpg,train148_obj1,non_snow,8,189,403,328,42019.0
train149.jpg,train149_obj1,non_snow,166,91,197,123,9685.0
train15.jpg,train15_obj1,snow,573,94,145,429,31803.0
train150.jpg,train150_obj1,non_snow,89,237,344,908,173554.0
train151.jpg,train151_obj1,non_snow,158,76,124,167,10649.0
train152.jpg,train152_obj1,non_snow,181,119,184,140,10620.0
train153.jpg,train153_obj1,non_snow,0,0,674,951,496945.0
train154.jpg,train154_obj1,non_snow,2,66,289,295,55194.0
train155.jpg,train155_obj1,non_snow,12,142,377,501,107643.0
train156.jpg,train156_obj1,non_snow,319,81,343,402,65847.0
train157.jpg,train157_obj1,non_snow,98,211,725,904,282308.0
train158.jpg,train158_obj1,non_snow,511,238,249,536,64229.0
train159.jpg,train159_obj1,non_snow,255,70,642,804,64247.0
train16.jpg,train16_obj1,non_snow,620,485,404,161,29251.0
train160.jpg,train160_obj1,non_snow,276,131,163,213,12397.0
train161.jpg,train161_obj1,non_snow,52,6,642,495,161821.0
train162.jpg,train162_obj1,non_snow,386,231,378,493,85435.0
train163.jpg,train163_obj1,non_snow,181,207,302,517,91157.0
train164.jpg,train164_obj1,non_snow,227,64,353,702,139230.0
train165.jpg,train165_obj1,non_snow,345,548,257,402,61684.0
train166.jpg,train166_obj1,non_snow,338,154,308,709,126960.0
train167.jpg,train167_obj1,non_snow,15,22,400,693,153839.0
train168.jpg,train168_obj1,non_snow,302,369,173,347,40059.0
train169.jpg,train169_obj1,non_snow,160,444,725,1310,503616.0
train17.jpg,train17_obj1,snow,593,102,181,451,36825.0
train170.jpg,train170_obj1,non_snow,660,75,224,389,31748.0
train171.jpg,train171_obj1,non_snow,385,543,595,1554,432183.0
train172.jpg,train172_obj1,non_snow,15,4,333,475,83131.0
train173.jpg,train173_obj1,non_snow,464,141,654,696,299081.0
train174.jpg,train174_obj1,non_snow,17,55,296,402,69851.0
train175.jpg,train175_obj1,non_snow,307,383,614,189,48987.0
train176.jpg,train176_obj1,non_snow,254,62,104,114,6527.0
train177.jpg,train177_obj1,non_snow,145,387,1911,1115,941142.0
train178.jpg,train178_obj1,non_snow,474,337,247,302,43430.0
train179.jpg,train179_obj1,non_snow,327,105,163,121,9099.0
train18.jpg,train18_obj1,non_snow,269,176,245,360,50149.0
train180.jpg,train180_obj1,non_snow,615,305,178,263,23258.0
train181.jpg,train181_obj1,non_snow,177,40,547,942,186950.0
train182.jpg,train182_obj1,non_snow,0,153,796,463,87293.0
train183.jpg,train183_obj1,non_snow,124,245,580,122,30572.0
train184.jpg,train184_obj1,non_snow,793,12,497,789,252288.0
train185.jpg,train185_obj1,non_snow,191,150,1077,2008,1449015.0
train186.jpg,train186_obj1,non_snow,418,642,1017,709,388448.0
train187.jpg,train187_obj1,non_snow,316,62,362,436,75950.0
train188.jpg,train188_obj1,non_snow,424,222,336,266,41535.0
train189.jpg,train189_obj1,non_snow,403,127,163,299,29446.0
train19.jpg,train19_obj1,non_snow,709,350,172,285,28805.0
train190.jpg,train190_obj1,non_snow,891,84,462,768,147069.0
train191.jpg,train191_obj1,non_snow,211,25,187,240,32474.0
train192.jpg,train192_obj1,non_snow,479,187,834,1115,308521.0
train193.jpg,train193_obj1,non_snow,0,467,1084,802,490150.0
train194.jpg,train194_obj1,non_snow,114,54,501,716,224659.0
train195.jpg,train195_obj1,non_snow,512,67,471,625,137404.0
train196.jpg,train196_obj1,non_snow,0,31,303,291,40039.0
train197.jpg,train197_obj1,non_snow,148,64,722,1019,408606.0
train198.jpg,train198_obj1,non_snow,430,182,874,1072,479347.0
train199.jpg,train199_obj1,non_snow,464,428,240,258,40790.0
train2.jpg,train2_obj1,non_snow,66,4,243,379,60041.0
train20.jpg,train20_obj1,non_snow,697,345,177,289,30092.0
train200.jpg,train200_obj1,non_snow,381,233,863,967,353381.0
train201.jpg,train201_obj1,non_snow,56,80,213,276,29838.0
train202.jpg,train202_obj1,non_snow,787,248,414,463,113422.0
train203.jpg,train203_obj1,non_snow,217,6,354,381,55251.0
train204.jpg,train204_obj1,non_snow,778,29,587,822,279009.0
train205.jpg,train205_obj1,non_snow,85,98,395,444,90144.0
train206.jpg,train206_obj1,non_snow,488,644,2125,1189,1521916.0
train207.jpg,train207_obj1,non_snow,176,488,314,421,47999.0
train208.jpg,train208_obj1,non_snow,0,413,1385,515,397820.0
train209.jpg,train209_obj1,non_snow,520,312,622,635,112626.0
train21.jpg,train21_obj1,non_snow,24,0,989,490,405116.0
train210.jpg,train210_obj1,non_snow,717,528,675,426,107207.0
train211.jpg,train211_obj1,non_snow,168,335,353,348,45721.0
train212.jpg,train212_obj1,non_snow,707,594,308,396,41525.0
train213.jpg,train213_obj1,non_snow,336,226,623,991,354960.0
train214.jpg,train214_obj1,non_snow,272,485,209,451,47673.0
train215.jpg,train215_obj1,non_snow,76,249,410,238,40320.0
train216.jpg,train216_obj1,non_snow,133,36,475,462,133732.0
train217.jpg,train217_obj1,non_snow,228,346,821,786,342029.0
train218.jpg,train218_obj1,non_snow,556,86,1073,942,464504.0
train219.jpg,train219_obj1,non_snow,0,241,1382,1195,1062448.0
train22.jpg,train22_obj1,non_snow,617,441,383,209,27350.0
train220.jpg,train220_obj1,non_snow,125,112,975,605,194664.0
train221.jpg,train221_obj1,non_snow,330,673,449,362,80136.0
train222.jpg,train222_obj1,non_snow,544,359,663,798,252048.0
train223.jpg,train223_obj1,non_snow,104,287,1003,811,324539.0
train224.jpg,train224_obj1,non_snow,181,435,438,380,90501.0
train225.jpg,train225_obj1,non_snow,566,255,678,596,201714.0
train226.jpg,train226_obj1,non_snow,131,80,856,710,206225.0
train227.jpg,train227_obj1,non_snow,206,113,386,501,118987.0
train228.jpg,train228_obj1,non_snow,28,51,400,211,29897.0
train229.jpg,train229_obj1,non_snow,10,88,488,243,35640.0
train23.jpg,train23_obj1,non_snow,639,7,635,712,364987.0
train230.jpg,train230_obj1,non_snow,463,201,303,390,90440.0
train231.jpg,train231_obj1,non_snow,307,632,585,1020,339708.0
train232.jpg,train232_obj1,non_snow,182,437,548,250,33171.0
train233.jpg,train233_obj1,non_snow,180,275,563,546,98004.0
train234.jpg,train234_obj1,non_snow,274,248,631,988,341032.0
train235.jpg,train235_obj1,non_snow,75,243,1257,1023,428686.0
train236.jpg,train236_obj1,non_snow,495,180,944,1259,798767.0
train237.jpg,train237_obj1,non_snow,239,178,773,1098,321599.0
train238.jpg,train238_obj1,non_snow,123,29,417,779,174931.0
train239.jpg,train239_obj1,non_snow,83,177,639,174,56959.0
train24.jpg,train24_obj1,non_snow,374,182,124,264,24093.0
train240.jpg,train240_obj1,non_snow,14,203,1197,900,639974.0
train241.jpg,train241_obj1,non_snow,185,59,151,270,21701.0
train242.jpg,train242_obj1,non_snow,431,116,169,124,12747.0
train243.jpg,train243_obj1,non_snow,94,163,154,236,20625.0
train244.jpg,train244_obj1,non_snow,634,233,250,679,108308.0
train245.jpg,train245_obj1,non_snow,71,268,1080,815,429221.0
train246.jpg,train246_obj1,non_snow,1,384,1289,325,180364.0
train247.jpg,train247_obj1,non_snow,275,113,258,749,112519.0
train248.jpg,train248_obj1,non_snow,120,40,1146,1039,565596.0
train249.jpg,train249_obj1,non_snow,973,38,577,813,219526.0
train25.jpg,train25_obj1,non_snow,683,79,587,628,287587.0
train250.jpg,train250_obj1,non_snow,6,133,809,527,221882.0
train251.jpg,train251_obj1,non_snow,109,200,714,601,151385.0
train252.jpg,train252_obj1,non_snow,209,184,274,347,41741.0
train253.jpg,train253_obj1,non_snow,335,178,94,72,2108.0
train254.jpg,train254_obj1,non_snow,334,0,404,536,88032.0
train255.jpg,train255_obj1,non_snow,91,4,444,570,92654.0
train256.jpg,train256_obj1,non_snow,198,288,753,967,377127.0
train257.jpg,train257_obj1,non_snow,229,167,146,299,23491.0
train258.jpg,train258_obj1,non_snow,490,196,206,252,20972.0
train259.jpg,train259_obj1,non_snow,710,148,652,991,375771.0
train26.jpg,train26_obj1,non_snow,628,458,381,202,20542.0
train260.jpg,train260_obj1,non_snow,88,19,62,293,9843.0
train261.jpg,train261_obj1,non_snow,63,90,836,1210,495764.0
train262.jpg,train262_obj1,non_snow,26,13,122,226,12095.0
train263.jpg,train263_obj1,non_snow,282,505,514,941,116854.0
train264.jpg,train264_obj1,non_snow,48,31,670,687,223934.0
train265.jpg,train265_obj1,non_snow,55,33,407,301,58311.0
train266.jpg,train266_obj1,non_snow,603,198,770,1119,609684.0
train267.jpg,train267_obj1,non_snow,0,0,406,449,107356.0
train268.jpg,train268_obj1,non_snow,318,7,260,756,131411.0
train269.jpg,train269_obj1,non_snow,222,133,374,896,164462.0
train27.jpg,train27_obj1,non_snow,438,283,256,264,49700.0
train270.jpg,train270_obj1,non_snow,39,37,349,409,76388.0
train271.jpg,train271_obj1,non_snow,296,133,383,931,179643.0
train272.jpg,train272_obj1,non_snow,236,111,672,434,112761.0
train273.jpg,train273_obj1,non_snow,230,225,89,94,4852.0
train274.jpg,train274_obj1,non_snow,209,8,269,521,70335.0
train275.jpg,train275_obj1,non_snow,181,222,733,942,431602.0
train276.jpg,train276_obj1,non_snow,413,95,416,531,131543.0
train277.jpg,train277_obj1,non_snow,66,52,141,231,17863.0
train278.jpg,train278_obj1,non_snow,188,154,119,104,8081.0
train279.jpg,train279_obj1,non_snow,118,183,151,371,33393.0
train28.jpg,train28_obj1,non_snow,198,28,478,526,113426.0
train280.jpg,train280_obj1,non_snow,259,0,774,856,413002.0
train281.jpg,train281_obj1,non_snow,282,49,1464,1146,1016879.0
train282.jpg,train282_obj1,non_snow,8,30,193,189,13662.0
train283.jpg,train283_obj1,non_snow,116,101,519,579,185439.0
train284.jpg,train284_obj1,non_snow,318,25,277,396,69905.0
train285.jpg,train285_obj1,non_snow,73,202,514,498,146361.0
train286.jpg,train286_obj1,non_snow,690,73,426,1291,258005.0
train287.jpg,train287_obj1,non_snow,378,32,327,589,88795.0
train288.jpg,train288_obj1,non_snow,220,147,1044,812,419503.0
train289.jpg,train289_obj1,non_snow,838,393,601,782,249881.0
train29.jpg,train29_obj1,non_snow,414,279,250,261,39325.0
train290.jpg,train290_obj1,snow,183,89,123,106,8283.0
train291.jpg,train291_obj1,non_snow,311,224,568,605,49433.0
train292.jpg,train292_obj1,non_snow,385,691,463,432,105393.0
train293.jpg,train293_obj1,non_snow,553,169,558,1096,347507.0
train294.jpg,train294_obj1,non_snow,14,31,207,261,15489.0
train295.jpg,train295_obj1,non_snow,132,72,313,505,85518.0
train296.jpg,train296_obj1,non_snow,382,210,267,338,33394.0
train297.jpg,train297_obj1,non_snow,200,86,298,712,158180.0
train298.jpg,train298_obj1,non_snow,28,93,163,102,8699.0
train299.jpg,train299_obj1,non_snow,51,295,839,314,93942.0
train3.jpg,train3_obj1,non_snow,158,27,771,407,160206.0
train30.jpg,train30_obj1,non_snow,283,328,426,268,66092.0
train300.jpg,train300_obj1,non_snow,481,206,448,671,187474.0
train301.jpg,train301_obj1,non_snow,68,167,790,441,187594.0
train302.jpg,train302_obj1,non_snow,184,171,123,86,3673.0
train303.jpg,train303_obj1,non_snow,45,131,435,546,108424.0
train304.jpg,train304_obj1,non_snow,241,258,217,557,67782.0
train305.jpg,train305_obj1,non_snow,487,159,152,107,7956.0
train306.jpg,train306_obj1,non_snow,99,82,764,562,230663.0
train307.jpg,train307_obj1,non_snow,97,35,606,403,103949.0
train308.jpg,train308_obj1,non_snow,299,270,451,326,85063.0
train309.jpg,train309_obj1,non_snow,0,309,1438,1126,888758.0
train31.jpg,train31_obj1,non_snow,25,14,273,164,29264.0
train310.jpg,train310_obj1,non_snow,78,89,1361,1206,898541.0
train311.jpg,train311_obj1,non_snow,96,135,529,685,181697.0
train312.jpg,train312_obj1,non_snow,626,401,461,637,159202.0
train313.jpg,train313_obj1,non_snow,417,340,199,370,33704.0
train314.jpg,train314_obj1,non_snow,30,105,468,115,27265.0
train315.jpg,train315_obj1,non_snow,669,241,542,1092,267329.0
train316.jpg,train316_obj1,non_snow,354,130,339,739,174780.0
train317.jpg,train317_obj1,non_snow,295,46,137,319,28092.0
train318.jpg,train318_obj1,non_snow,104,69,722,804,205672.0
train319.jpg,train319_obj1,non_snow,357,431,202,401,32875.0
train32.jpg,train32_obj1,non_snow,0,4,465,326,94596.0
train320.jpg,train320_obj1,non_snow,1,52,1438,1379,889042.0
train321.jpg,train321_obj1,non_snow,282,87,562,1300,509232.0
train322.jpg,train322_obj1,non_snow,99,3,290,379,71225.0
train323.jpg,train323_obj1,non_snow,59,77,534,812,291757.0
train324.jpg,train324_obj1,non_snow,392,82,1031,1351,939990.0
train325.jpg,train325_obj1,non_snow,246,288,987,816,310800.0
train326.jpg,train326_obj1,non_snow,82,92,416,207,34477.0
train327.jpg,train327_obj1,non_snow,6,118,622,604,199351.0
train328.jpg,train328_obj1,non_snow,124,191,738,596,221463.0
train329.jpg,train329_obj1,non_snow,839,221,414,1011,258120.0
train33.jpg,train33_obj1,non_snow,169,280,518,289,77468.0
train330.jpg,train330_obj1,non_snow,472,371,885,891,382629.0
train331.jpg,train331_obj1,non_snow,119,355,464,451,97140.0
train332.jpg,train332_obj1,non_snow,462,170,168,283,31418.0
train333.jpg,train333_obj1,non_snow,55,97,1058,908,419480.0
train334.jpg,train334_obj1,non_snow,0,383,1126,576,216238.0
train335.jpg,train335_obj1,non_snow,14,238,1421,1129,802743.0
train336.jpg,train336_obj1,non_snow,546,215,255,909,145910.0
train337.jpg,train337_obj1,non_snow,908,510,352,428,92341.0
train338.jpg,train338_obj1,non_snow,46,396,953,332,155491.0
train339.jpg,train339_obj1,non_snow,150,85,169,194,16433.0
train34.jpg,train34_obj1,non_snow,0,223,646,382,98972.0
train340.jpg,train340_obj1,non_snow,394,158,346,556,72736.0
train341.jpg,train341_obj1,non_snow,404,359,311,793,165679.0
train342.jpg,train342_obj1,non_snow,286,453,156,214,20893.0
train343.jpg,train343_obj1,non_snow,52,348,602,356,106912.0
train344.jpg,train344_obj1,non_snow,477,643,907,656,317273.0
train345.jpg,train345_obj1,non_snow,215,69,238,287,31225.0
train346.jpg,train346_obj1,non_snow,880,353,424,881,271573.0
train347.jpg,train347_obj1,non_snow,262,137,336,719,106890.0
train348.jpg,train348_obj1,non_snow,69,43,436,383,69107.0
train349.jpg,train349_obj1,non_snow,40,59,490,336,68759.0
train35.jpg,train35_obj1,non_snow,217,4,604,679,226319.0
train350.jpg,train350_obj1,non_snow,233,177,455,665,137070.0
train351.jpg,train351_obj1,non_snow,123,200,138,172,11803.0
train352.jpg,train352_obj1,non_snow,137,32,270,685,123461.0
train353.jpg,train353_obj1,non_snow,454,532,212,307,39702.0
train354.jpg,train354_obj1,non_snow,753,580,357,627,117756.0
train355.jpg,train355_obj1,non_snow,47,509,415,264,32790.0
train356.jpg,train356_obj1,non_snow,190,139,1080,1097,448413.0
train357.jpg,train357_obj1,non_snow,641,686,371,590,150039.0
train358.jpg,train358_obj1,non_snow,302,423,141,307,17228.0
train359.jpg,train359_obj1,non_snow,826,490,128,566,45297.0
train36.jpg,train36_obj1,non_snow,156,67,1115,636,393258.0
train360.jpg,train360_obj1,non_snow,57,91,605,468,181929.0
train361.jpg,train361_obj1,non_snow,499,34,623,683,306555.0
train362.jpg,train362_obj1,non_snow,285,429,608,663,98064.0
train363.jpg,train363_obj1,non_snow,15,104,715,854,340810.0
train364.jpg,train364_obj1,non_snow,121,55,270,662,97161.0
train365.jpg,train365_obj1,non_snow,419,365,117,758,59675.0
train366.jpg,train366_obj1,non_snow,339,13,275,397,57044.0
train367.jpg,train367_obj1,non_snow,514,301,754,796,401466.0
train368.jpg,train368_obj1,non_snow,269,708,721,380,106205.0
train369.jpg,train369_obj1,non_snow,315,622,317,315,64150.0
train37.jpg,train37_obj1,non_snow,150,6,1123,683,491901.0
train370.jpg,train370_obj1,non_snow,812,593,296,338,47302.0
train371.jpg,train371_obj1,non_snow,599,470,574,810,288935.0
train372.jpg,train372_obj1,non_snow,406,129,480,805,200347.0
train373.jpg,train373_obj1,non_snow,214,236,980,1127,607639.0
train374.jpg,train374_obj1,non_snow,410,428,414,607,154211.0
train375.jpg,train375_obj1,non_snow,504,359,218,384,46001.0
train376.jpg,train376_obj1,non_snow,89,119,434,311,51308.0
train377.jpg,train377_obj1,non_snow,129,236,803,1010,376627.0
train378.jpg,train378_obj1,non_snow,732,377,166,323,29009.0
train379.jpg,train379_obj1,non_snow,884,730,278,449,59746.0
train38.jpg,train38_obj1,non_snow,365,132,152,320,31013.0
train380.jpg,train380_obj1,non_snow,189,236,501,466,115011.0
train381.jpg,train381_obj1,non_snow,97,422,322,693,121530.0
train382.jpg,train382_obj1,non_snow,238,529,499,577,183583.0
train383.jpg,train383_obj1,non_snow,6,278,825,419,182961.0
train384.jpg,train384_obj1,non_snow,241,245,461,1062,275853.0
train385.jpg,train385_obj1,non_snow,383,264,435,782,165234.0
train386.jpg,train386_obj1,non_snow,173,0,212,396,42579.0
train387.jpg,train387_obj1,non_snow,622,192,629,1174,458425.0
train388.jpg,train388_obj1,non_snow,3,69,434,263,60151.0
train389.jpg,train389_obj1,non_snow,89,169,574,1058,344952.0
train39.jpg,train39_obj1,non_snow,117,71,478,658,202617.0
train390.jpg,train390_obj1,non_snow,120,90,558,511,129247.0
train391.jpg,train391_obj1,non_snow,293,107,454,747,193460.0
train392.jpg,train392_obj1,non_snow,214,151,584,634,173442.0
train393.jpg,train393_obj1,non_snow,116,204,1387,1841,1826523.0
train394.jpg,train394_obj1,non_snow,1011,470,195,281,36815.0
train395.jpg,train395_obj1,non_snow,636,238,619,427,173195.0
train396.jpg,train396_obj1,non_snow,235,459,301,510,89399.0
train397.jpg,train397_obj1,non_snow,9,457,1031,582,291356.0
train398.jpg,train398_obj1,non_snow,341,80,442,382,87180.0
train399.jpg,train399_obj1,non_snow,206,970,780,328,101310.0
train4.jpg,train4_obj1,non_snow,425,256,304,154,10502.0
train40.jpg,train40_obj1,non_snow,73,0,1198,713,702197.0
train400.jpg,train400_obj1,non_snow,45,9,227,382,39604.0
train401.jpg,train401_obj1,non_snow,62,40,359,250,36883.0
train402.jpg,train402_obj1,non_snow,50,90,234,383,50823.0
train403.jpg,train403_obj1,non_snow,908,114,379,786,134100.0
train404.jpg,train404_obj1,non_snow,717,449,502,582,175657.0
train405.jpg,train405_obj1,non_snow,0,227,937,249,69747.0
train406.jpg,train406_obj1,non_snow,745,351,475,653,151065.0
train407.jpg,train407_obj1,non_snow,185,34,279,374,65916.0
train408.jpg,train408_obj1,non_snow,140,385,952,772,313681.0
train409.jpg,train409_obj1,non_snow,595,387,606,518,146400.0
train41.jpg,train41_obj1,non_snow,1,66,816,652,332134.0
train410.jpg,train410_obj1,non_snow,492,287,448,986,243069.0
train411.jpg,train411_obj1,non_snow,191,298,1173,914,546504.0
train412.jpg,train412_obj1,non_snow,24,162,1799,1202,1178117.0
train413.jpg,train413_obj1,non_snow,123,89,454,506,115582.0
train414.jpg,train414_obj1,non_snow,75,171,1349,1256,809940.0
train415.jpg,train415_obj1,non_snow,627,135,1056,1055,560542.0
train416.jpg,train416_obj1,non_snow,78,9,317,297,45633.0
train417.jpg,train417_obj1,non_snow,317,388,947,771,313189.0
train418.jpg,train418_obj1,non_snow,109,184,517,875,312595.0
train419.jpg,train419_obj1,non_snow,396,381,339,721,139086.0
train42.jpg,train42_obj1,non_snow,368,135,122,322,25852.0
train420.jpg,train420_obj1,non_snow,280,53,228,485,78133.0
train421.jpg,train421_obj1,non_snow,544,510,433,254,47319.0
train422.jpg,train422_obj1,non_snow,733,376,232,815,132950.0
train423.jpg,train423_obj1,non_snow,310,167,869,1186,472718.0
train424.jpg,train424_obj1,non_snow,394,595,396,467,113660.0
train425.jpg,train425_obj1,non_snow,185,61,186,232,20968.0
train426.jpg,train426_obj1,non_snow,219,246,1613,762,428124.0
train427.jpg,train427_obj1,non_snow,123,21,575,663,176640.0
train428.jpg,train428_obj1,non_snow,130,275,227,449,40926.0
train429.jpg,train429_obj1,non_snow,1,56,234,285,25554.0
train43.jpg,train43_obj1,non_snow,364,131,127,320,22994.0
train430.jpg,train430_obj1,non_snow,1090,404,479,719,181596.0
train431.jpg,train431_obj1,non_snow,279,140,1269,942,593974.0
train432.jpg,train432_obj1,non_snow,344,567,658,365,81866.0
train433.jpg,train433_obj1,non_snow,241,33,403,504,57668.0
train434.jpg,train434_obj1,non_snow,1164,557,266,196,24334.0
train435.jpg,train435_obj1,non_snow,334,383,1059,597,360545.0
train436.jpg,train436_obj1,non_snow,267,328,869,979,410783.0
train437.jpg,train437_obj1,non_snow,0,78,601,201,63036.0
train438.jpg,train438_obj1,non_snow,281,158,302,635,132351.0
train439.jpg,train439_obj1,non_snow,516,186,793,607,294641.0
train44.jpg,train44_obj1,non_snow,114,50,384,210,49977.0
train440.jpg,train440_obj1,non_snow,1268,478,338,647,112371.0
train441.jpg,train441_obj1,non_snow,675,287,284,287,41292.0
train442.jpg,train442_obj1,non_snow,393,358,508,901,313616.0
train443.jpg,train443_obj1,non_snow,74,64,536,804,196687.0
train444.jpg,train444_obj1,non_snow,0,405,562,722,283327.0
train445.jpg,train445_obj1,non_snow,104,462,1577,821,529943.0
train446.jpg,train446_obj1,non_snow,233,332,1000,1027,544683.0
train447.jpg,train447_obj1,non_snow,1000,303,676,847,366318.0
train448.jpg,train448_obj1,non_snow,1008,308,439,745,127523.0
train449.jpg,train449_obj1,non_snow,180,176,444,434,81527.0
train45.jpg,train45_obj1,non_snow,377,127,130,321,25658.0
train450.jpg,train450_obj1,non_snow,78,152,259,79,7957.0
train451.jpg,train451_obj1,non_snow,44,236,267,369,42453.0
train452.jpg,train452_obj1,non_snow,479,241,599,1015,330861.0
train453.jpg,train453_obj1,non_snow,187,134,137,348,28226.0
train454.jpg,train454_obj1,non_snow,150,385,670,564,214793.0
train455.jpg,train455_obj1,non_snow,124,560,1216,517,192864.0
train456.jpg,train456_obj1,non_snow,421,267,399,870,215080.0
train457.jpg,train457_obj1,non_snow,389,120,332,356,63190.0
train458.jpg,train458_obj1,non_snow,847,462,336,445,93752.0
train459.jpg,train459_obj1,non_snow,185,55,388,373,36186.0
train46.jpg,train46_obj1,non_snow,358,129,160,318,31241.0
train460.jpg,train460_obj1,non_snow,186,3,329,652,133068.0
train461.jpg,train461_obj1,non_snow,31,251,543,377,96340.0
train462.jpg,train462_obj1,non_snow,326,636,352,312,50945.0
train463.jpg,train463_obj1,non_snow,471,509,352,717,146780.0
train464.jpg,train464_obj1,non_snow,0,47,953,929,634847.0
train465.jpg,train465_obj1,non_snow,325,67,678,1222,402550.0
train466.jpg,train466_obj1,non_snow,119,1,952,705,340090.0
train467.jpg,train467_obj1,non_snow,79,177,888,1108,476176.0
train468.jpg,train468_obj1,non_snow,33,13,216,523,54250.0
train469.jpg,train469_obj1,non_snow,72,11,235,379,40088.0
train47.jpg,train47_obj1,non_snow,360,227,250,217,30386.0
train470.jpg,train470_obj1,non_snow,815,56,527,893,240876.0
train471.jpg,train471_obj1,non_snow,8,0,456,630,162065.0
train472.jpg,train472_obj1,non_snow,576,68,769,822,382186.0
train473.jpg,train473_obj1,non_snow,241,0,341,532,126154.0
train474.jpg,train474_obj1,non_snow,229,155,708,927,384239.0
train475.jpg,train475_obj1,non_snow,158,397,542,473,177771.0
train476.jpg,train476_obj1,non_snow,312,505,181,425,35882.0
train477.jpg,train477_obj1,non_snow,270,246,243,516,67226.0
train478.jpg,train478_obj1,non_snow,43,29,690,906,359941.0
train479.jpg,train479_obj1,non_snow,216,90,280,385,67253.0
train48.jpg,train48_obj1,non_snow,494,226,209,405,46177.0
train480.jpg,train480_obj1,non_snow,490,44,764,901,359544.0
train481.jpg,train481_obj1,non_snow,178,275,1146,683,275581.0
train482.jpg,train482_obj1,non_snow,944,425,215,234,23497.0
train483.jpg,train483_obj1,non_snow,627,382,712,458,184986.0
train484.jpg,train484_obj1,non_snow,954,266,328,410,75347.0
train485.jpg,train485_obj1,non_snow,275,111,93,125,5846.0
train486.jpg,train486_obj1,non_snow,432,690,412,386,85987.0
train487.jpg,train487_obj1,non_snow,168,20,419,917,270967.0
train488.jpg,train488_obj1,non_snow,76,3,310,262,37658.0
train489.jpg,train489_obj1,non_snow,16,109,602,471,107290.0
train49.jpg,train49_obj1,non_snow,368,87,603,545,160218.0
train490.jpg,train490_obj1,non_snow,230,276,703,694,286314.0
train491.jpg,train491_obj1,non_snow,127,42,311,624,70143.0
train492.jpg,train492_obj1,non_snow,236,98,249,544,65052.0
train493.jpg,train493_obj1,non_snow,0,104,567,293,71722.0
train494.jpg,train494_obj1,non_snow,290,159,203,256,19444.0
train495.jpg,train495_obj1,non_snow,85,48,181,290,33200.0
train496.jpg,train496_obj1,non_snow,342,119,127,152,12122.0
train497.jpg,train497_obj1,non_snow,396,192,74,114,5514.0
train498.jpg,train498_obj1,non_snow,234,0,270,407,65554.0
train499.jpg,train499_obj1,non_snow,66,6,502,627,161847.0
train5.jpg,train5_obj1,non_snow,163,206,118,100,7514.0
train50.jpg,train50_obj1,non_snow,24,7,331,466,95591.0
train500.jpg,train500_obj1,non_snow,218,66,330,354,66996.0
train501.jpg,train501_obj1,non_snow,282,365,215,225,32305.0
train502.jpg,train502_obj1,non_snow,15,214,1161,842,450564.0
train503.jpg,train503_obj1,non_snow,3,61,603,545,141002.0
train504.jpg,train504_obj1,non_snow,162,32,505,808,171381.0
train505.jpg,train505_obj1,non_snow,98,86,471,486,82688.0
train506.jpg,train506_obj1,non_snow,339,93,812,1403,557231.0
train507.jpg,train507_obj1,non_snow,8,40,660,817,338264.0
train508.jpg,train508_obj1,non_snow,337,261,465,514,130959.0
train509.jpg,train509_obj1,non_snow,168,125,384,692,139325.0
train51.jpg,train51_obj1,non_snow,434,155,777,475,205953.0
train510.jpg,train510_obj1,non_snow,74,14,544,734,259805.0
train511.jpg,train511_obj1,non_snow,57,7,502,785,173429.0
train512.jpg,train512_obj1,non_snow,84,59,225,540,65216.0
train513.jpg,train513_obj1,non_snow,52,11,437,925,213788.0
train514.jpg,train514_obj1,non_snow,125,109,543,413,107511.0
train515.jpg,train515_obj1,non_snow,0,111,751,749,290505.0
train516.jpg,train516_obj1,non_snow,0,0,556,729,287488.0
train517.jpg,train517_obj1,non_snow,321,255,230,520,73318.0
train518.jpg,train518_obj1,non_snow,371,101,177,384,32015.0
train519.jpg,train519_obj1,non_snow,116,258,544,336,47484.0
train52.jpg,train52_obj1,non_snow,357,133,169,373,34871.0
train520.jpg,train520_obj1,non_snow,292,200,192,290,29388.0
train521.jpg,train521_obj1,non_snow,0,347,613,303,87740.0
train522.jpg,train522_obj1,non_snow,200,186,398,581,134138.0
train523.jpg,train523_obj1,non_snow,166,162,352,204,30383.0
train524.jpg,train524_obj1,non_snow,238,21,286,634,124164.0
train525.jpg,train525_obj1,non_snow,363,158,243,374,53270.0
train526.jpg,train526_obj1,non_snow,89,127,525,296,93980.0
train527.jpg,train527_obj1,non_snow,348,182,775,775,293914.0
train528.jpg,train528_obj1,non_snow,128,150,234,320,45275.0
train529.jpg,train529_obj1,non_snow,257,140,110,285,21700.0
train53.jpg,train53_obj1,non_snow,381,191,147,317,24973.0
train530.jpg,train530_obj1,non_snow,0,110,726,560,239281.0
train531.jpg,train531_obj1,non_snow,18,5,504,584,155901.0
train532.jpg,train532_obj1,non_snow,205,61,364,720,151208.0
train533.jpg,train533_obj1,non_snow,137,27,481,763,159975.0
train534.jpg,train534_obj1,non_snow,351,12,329,733,143724.0
train535.jpg,train535_obj1,non_snow,406,66,342,683,172922.0
train536.jpg,train536_obj1,non_snow,153,44,454,633,89698.0
train537.jpg,train537_obj1,non_snow,166,102,425,427,85958.0
train538.jpg,train538_obj1,non_snow,463,162,708,775,332879.0
train539.jpg,train539_obj1,non_snow,58,10,639,799,188854.0
train54.jpg,train54_obj1,non_snow,540,241,308,388,73213.0
train540.jpg,train540_obj1,non_snow,43,218,252,307,49276.0
train541.jpg,train541_obj1,non_snow,260,506,215,342,28061.0
train542.jpg,train542_obj1,non_snow,7,143,644,486,138936.0
train543.jpg,train543_obj1,non_snow,272,140,307,331,52948.0
train544.jpg,train544_obj1,non_snow,70,312,553,243,65323.0
train545.jpg,train545_obj1,non_snow,170,71,388,744,121250.0
train546.jpg,train546_obj1,non_snow,336,635,71,275,13633.0
train547.jpg,train547_obj1,non_snow,14,43,319,412,64013.0
train548.jpg,train548_obj1,non_snow,54,331,347,225,36029.0
train549.jpg,train549_obj1,non_snow,0,70,3509,1949,3118342.0
train55.jpg,train55_obj1,non_snow,582,208,272,420,69850.0
train550.jpg,train550_obj1,non_snow,72,235,449,307,72624.0
train551.jpg,train551_obj1,non_snow,175,271,390,302,78031.0
train552.jpg,train552_obj1,non_snow,29,19,683,713,264181.0
train553.jpg,train553_obj1,non_snow,14,42,708,675,294039.0
train554.jpg,train554_obj1,non_snow,352,25,271,467,99013.0
train555.jpg,train555_obj1,non_snow,0,28,707,674,271611.0
train556.jpg,train556_obj1,non_snow,258,117,395,322,70641.0
train557.jpg,train557_obj1,non_snow,71,283,394,370,91208.0
train558.jpg,train558_obj1,non_snow,162,271,253,184,22150.0
train559.jpg,train559_obj1,non_snow,113,170,241,425,54475.0
train56.jpg,train56_obj1,non_snow,53,10,308,238,34203.0
train560.jpg,train560_obj1,non_snow,181,149,348,331,49373.0
train561.jpg,train561_obj1,non_snow,62,38,520,457,139262.0
train562.jpg,train562_obj1,non_snow,67,219,221,167,17830.0
train563.jpg,train563_obj1,non_snow,225,296,130,227,18228.0
train564.jpg,train564_obj1,non_snow,114,23,579,699,166480.0
train565.jpg,train565_obj1,non_snow,52,28,694,710,248493.0
train566.jpg,train566_obj1,non_snow,135,161,493,302,72475.0
train567.jpg,train567_obj1,non_snow,200,67,355,739,154415.0
train568.jpg,train568_obj1,non_snow,189,27,366,827,215086.0
train569.jpg,train569_obj1,non_snow,0,55,588,692,277295.0
train57.jpg,train57_obj1,non_snow,557,272,238,357,58635.0
train570.jpg,train570_obj1,non_snow,192,129,309,552,83184.0
train571.jpg,train571_obj1,non_snow,111,189,507,461,120539.0
train572.jpg,train572_obj1,non_snow,23,123,674,584,271047.0
train573.jpg,train573_obj1,non_snow,472,79,213,346,45984.0
train574.jpg,train574_obj1,non_snow,328,230,498,409,112480.0
train575.jpg,train575_obj1,non_snow,1,29,713,718,257883.0
train576.jpg,train576_obj1,non_snow,3,131,995,931,530522.0
train577.jpg,train577_obj1,non_snow,133,90,311,538,79024.0
train578.jpg,train578_obj1,non_snow,468,158,611,797,325655.0
train579.jpg,train579_obj1,non_snow,577,106,656,847,350309.0
train58.jpg,train58_obj1,non_snow,488,277,343,353,69155.0
train580.jpg,train580_obj1,non_snow,315,353,276,171,31935.0
train581.jpg,train581_obj1,non_snow,245,8,298,773,148056.0
train582.jpg,train582_obj1,non_snow,454,238,765,385,144717.0
train583.jpg,train583_obj1,non_snow,612,292,1079,733,241743.0
train584.jpg,train584_obj1,snow,758,345,150,172,17106.0
train585.jpg,train585_obj1,snow,755,334,159,184,18136.0
train586.jpg,train586_obj1,non_snow,757,326,158,194,19443.0
train587.jpg,train587_obj1,non_snow,48,37,255,284,45012.0
train588.jpg,train588_obj1,non_snow,391,245,686,1281,532396.0
train589.jpg,train589_obj1,non_snow,0,11,727,737,333244.0
train59.jpg,train59_obj1,non_snow,588,350,459,279,64863.0
train590.jpg,train590_obj1,non_snow,68,71,529,246,89753.0
train591.jpg,train591_obj1,non_snow,773,306,150,197,19214.0
train592.jpg,train592_obj1,non_snow,777,297,139,208,20084.0
train593.jpg,train593_obj1,non_snow,66,224,357,606,68700.0
train594.jpg,train594_obj1,non_snow,789,260,139,237,26437.0
train595.jpg,train595_obj1,non_snow,425,235,306,376,61116.0
train596.jpg,train596_obj1,non_snow,119,135,439,423,96253.0
train597.jpg,train597_obj1,non_snow,571,79,63,76,3380.0
train598.jpg,train598_obj1,non_snow,566,67,85,92,5553.0
train599.jpg,train599_obj1,non_snow,535,66,99,95,5466.0
train6.jpg,train6_obj1,non_snow,215,137,437,143,29578.0
train60.jpg,train60_obj1,non_snow,584,349,584,268,56325.0
train600.jpg,train600_obj1,non_snow,0,72,1498,1028,782163.0
train601.jpg,train601_obj1,non_snow,559,61,75,97,4208.0
train602.jpg,train602_obj1,non_snow,576,59,56,97,3628.0
train603.jpg,train603_obj1,non_snow,161,79,210,358,36246.0
train604.jpg,train604_obj1,non_snow,120,42,278,216,38220.0
train605.jpg,train605_obj1,non_snow,568,52,65,106,3974.0
train606.jpg,train606_obj1,non_snow,463,241,195,95,10440.0
train607.jpg,train607_obj1,non_snow,459,240,197,107,11637.0
train608.jpg,train608_obj1,non_snow,14,58,311,283,41413.0
train609.jpg,train609_obj1,non_snow,468,240,187,121,11480.0
train61.jpg,train61_obj1,non_snow,64,70,308,429,79087.0
train610.jpg,train610_obj1,non_snow,476,222,175,119,10631.0
train611.jpg,train611_obj1,non_snow,404,350,225,112,17007.0
train612.jpg,train612_obj1,non_snow,494,220,152,115,10676.0
train613.jpg,train613_obj1,non_snow,546,243,92,195,13521.0
train614.jpg,train614_obj1,non_snow,542,223,97,225,17303.0
train615.jpg,train615_obj1,non_snow,489,279,176,186,17191.0
train616.jpg,train616_obj1,non_snow,0,2,512,597,122044.0
train617.jpg,train617_obj1,non_snow,491,306,163,152,12283.0
train618.jpg,train618_obj1,non_snow,108,100,227,181,20665.0
train619.jpg,train619_obj1,non_snow,514,306,138,138,12175.0
train62.jpg,train62_obj1,non_snow,564,329,598,209,46841.0
train620.jpg,train620_obj1,non_snow,433,10,414,699,207590.0
train621.jpg,train621_obj1,non_snow,504,294,199,159,17948.0
train622.jpg,train622_obj1,non_snow,420,248,275,198,23862.0
train623.jpg,train623_obj1,non_snow,698,323,166,304,29728.0
train624.jpg,train624_obj1,non_snow,385,272,228,172,20173.0
train625.jpg,train625_obj1,non_snow,699,285,159,342,34158.0
train626.jpg,train626_obj1,snow,394,356,179,178,15926.0
train627.jpg,train627_obj1,snow,703,224,150,404,39129.0
train628.jpg,train628_obj1,snow,696,191,146,437,42365.0
train629.jpg,train629_obj1,snow,683,183,151,445,44264.0
train63.jpg,train63_obj1,non_snow,607,332,596,179,44739.0
train630.jpg,train630_obj1,non_snow,364,192,137,374,33422.0
train631.jpg,train631_obj1,non_snow,585,248,362,320,56168.0
train632.jpg,train632_obj1,non_snow,620,328,117,102,5179.0
train633.jpg,train633_obj1,non_snow,716,165,198,449,54728.0
train634.jpg,train634_obj1,non_snow,306,64,276,584,72256.0
train635.jpg,train635_obj1,non_snow,371,286,255,169,18085.0
train636.jpg,train636_obj1,non_snow,723,163,187,453,49957.0
train637.jpg,train637_obj1,non_snow,711,171,195,449,46973.0
train638.jpg,train638_obj1,non_snow,698,168,188,409,47777.0
train639.jpg,train639_obj1,non_snow,699,153,185,472,57250.0
train64.jpg,train64_obj1,non_snow,604,334,607,172,40937.0
train640.jpg,train640_obj1,snow,669,160,201,492,53258.0
train641.jpg,train641_obj1,snow,661,176,180,473,55025.0
train642.jpg,train642_obj1,snow,622,150,198,503,59071.0
train643.jpg,train643_obj1,non_snow,604,149,200,527,58597.0
train644.jpg,train644_obj1,non_snow,762,155,162,522,43300.0
train645.jpg,train645_obj1,non_snow,729,166,179,452,50175.0
train646.jpg,train646_obj1,non_snow,317,435,415,156,37961.0
train647.jpg,train647_obj1,snow,139,41,535,758,259722.0
train648.jpg,train648_obj1,non_snow,486,200,173,371,38455.0
train649.jpg,train649_obj1,snow,395,273,177,262,23432.0
train65.jpg,train65_obj1,non_snow,221,87,554,318,74001.0
train650.jpg,train650_obj1,snow,405,282,209,248,25500.0
train651.jpg,train651_obj1,snow,429,253,197,289,27634.0
train652.jpg,train652_obj1,snow,450,187,175,351,29300.0
train653.jpg,train653_obj1,snow,461,115,165,430,33372.0
train654.jpg,train654_obj1,snow,474,84,134,459,36825.0
train655.jpg,train655_obj1,non_snow,333,412,393,182,32386.0
train656.jpg,train656_obj1,non_snow,309,104,729,452,103606.0
train657.jpg,train657_obj1,non_snow,286,1,724,717,200870.0
train658.jpg,train658_obj1,non_snow,403,1,354,702,136327.0
train659.jpg,train659_obj1,non_snow,335,388,363,212,38911.0
train66.jpg,train66_obj1,non_snow,202,106,713,413,81398.0
train660.jpg,train660_obj1,non_snow,291,190,454,495,104005.0
train661.jpg,train661_obj1,non_snow,136,49,970,669,426556.0
train662.jpg,train662_obj1,snow,254,98,1789,779,759771.0
train663.jpg,train663_obj1,non_snow,450,43,824,673,359744.0
train664.jpg,train664_obj1,non_snow,477,100,797,615,290169.0
train665.jpg,train665_obj1,non_snow,520,64,756,652,306326.0
train666.jpg,train666_obj1,non_snow,341,364,357,230,46315.0
train667.jpg,train667_obj1,non_snow,28,0,605,461,158978.0
train668.jpg,train668_obj1,non_snow,16,2,317,375,56061.0
train669.jpg,train669_obj1,non_snow,343,321,399,271,58866.0
train67.jpg,train67_obj1,non_snow,208,107,712,325,69440.0
train670.jpg,train670_obj1,non_snow,356,323,387,264,55853.0
train671.jpg,train671_obj1,non_snow,327,0,871,688,383474.0
train672.jpg,train672_obj1,snow,0,216,566,458,143936.0
train673.jpg,train673_obj1,non_snow,289,326,387,632,152362.0
train674.jpg,train674_obj1,non_snow,0,67,588,813,303689.0
train675.jpg,train675_obj1,non_snow,410,266,142,186,16994.0
train676.jpg,train676_obj1,snow,1089,284,3086,2892,3502112.0
train677.jpg,train677_obj1,snow,372,644,571,580,143835.0
train678.jpg,train678_obj1,snow,199,161,320,498,112306.0
train679.jpg,train679_obj1,snow,46,55,287,208,31085.0
train68.jpg,train68_obj1,non_snow,91,0,258,389,66681.0
train680.jpg,train680_obj1,non_snow,400,202,91,191,10026.0
train681.jpg,train681_obj1,snow,198,204,449,880,201783.0
train682.jpg,train682_obj1,non_snow,17,154,479,702,216955.0
train683.jpg,train683_obj1,non_snow,276,171,511,437,117919.0
train684.jpg,train684_obj1,non_snow,290,194,103,157,10656.0
train685.jpg,train685_obj1,non_snow,692,167,258,433,51364.0
train686.jpg,train686_obj1,non_snow,336,315,402,279,58591.0
train687.jpg,train687_obj1,non_snow,682,332,319,292,41193.0
train688.jpg,train688_obj1,non_snow,262,250,704,350,111888.0
train689.jpg,train689_obj1,snow,193,52,324,551,84961.0
train69.jpg,train69_obj1,non_snow,236,340,586,265,97359.0
train690.jpg,train690_obj1,snow,618,338,81,86,3246.0
train691.jpg,train691_obj1,snow,646,321,85,111,4331.0
train692.jpg,train692_obj1,snow,685,321,126,154,8577.0
train693.jpg,train693_obj1,non_snow,259,255,138,34,2019.0
train694.jpg,train694_obj1,snow,599,332,194,252,19845.0
train695.jpg,train695_obj1,non_snow,55,29,423,657,193532.0
train696.jpg,train696_obj1,non_snow,314,250,191,41,3001.0
train697.jpg,train697_obj1,non_snow,355,305,372,287,53612.0
train698.jpg,train698_obj1,snow,579,396,202,321,29064.0
train699.jpg,train699_obj1,non_snow,341,256,237,47,4416.0
train7.jpg,train7_obj1,snow,263,187,421,333,65814.0
train70.jpg,train70_obj1,non_snow,270,358,545,248,86041.0
train700.jpg,train700_obj1,non_snow,376,183,899,520,271461.0
train701.jpg,train701_obj1,snow,367,192,895,522,275434.0
train702.jpg,train702_obj1,non_snow,104,416,1221,1534,1093339.0
train703.jpg,train703_obj1,snow,293,393,400,182,33341.0
train704.jpg,train704_obj1,snow,281,397,415,188,36399.0
train705.jpg,train705_obj1,snow,268,397,435,210,40792.0
train706.jpg,train706_obj1,snow,254,398,453,212,44074.0
train707.jpg,train707_obj1,non_snow,113,115,299,165,18723.0
train708.jpg,train708_obj1,non_snow,321,466,425,125,37313.0
train709.jpg,train709_obj1,non_snow,549,312,37,66,1444.0
train71.jpg,train71_obj1,non_snow,255,322,578,278,88875.0
train710.jpg,train710_obj1,non_snow,543,320,42,56,1284.0
train711.jpg,train711_obj1,non_snow,557,322,31,54,1052.0
train712.jpg,train712_obj1,non_snow,1006,601,262,115,22914.0
train713.jpg,train713_obj1,non_snow,943,570,331,147,33495.0
train714.jpg,train714_obj1,non_snow,111,0,638,749,320842.0
train715.jpg,train715_obj1,non_snow,396,907,343,363,78256.0
train716.jpg,train716_obj1,non_snow,510,112,512,363,109155.0
train717.jpg,train717_obj1,non_snow,234,13,396,736,210389.0
train718.jpg,train718_obj1,non_snow,27,245,646,497,160766.0
train719.jpg,train719_obj1,non_snow,175,268,478,429,72490.0
train72.jpg,train72_obj1,non_snow,339,96,202,416,41773.0
train720.jpg,train720_obj1,non_snow,251,84,304,639,133777.0
train721.jpg,train721_obj1,non_snow,287,158,285,347,69482.0
train722.jpg,train722_obj1,non_snow,188,40,337,743,149352.0
train723.jpg,train723_obj1,non_snow,182,49,456,716,142404.0
train724.jpg,train724_obj1,non_snow,265,35,366,674,136785.0
train725.jpg,train725_obj1,non_snow,247,121,411,616,138779.0
train726.jpg,train726_obj1,non_snow,19,127,669,453,144303.0
train727.jpg,train727_obj1,non_snow,0,35,749,723,322691.0
train728.jpg,train728_obj1,non_snow,237,283,254,215,32157.0
train729.jpg,train729_obj1,non_snow,238,156,391,469,77348.0
train73.jpg,train73_obj1,non_snow,278,296,584,311,101569.0
train730.jpg,train730_obj1,non_snow,326,19,415,846,232830.0
train731.jpg,train731_obj1,non_snow,172,272,750,448,177416.0
train732.jpg,train732_obj1,non_snow,57,0,303,934,167151.0
train733.jpg,train733_obj1,non_snow,132,28,458,796,159168.0
train734.jpg,train734_obj1,non_snow,39,3,666,933,525944.0
train735.jpg,train735_obj1,non_snow,210,45,285,890,156133.0
train736.jpg,train736_obj1,non_snow,489,12,775,1066,380403.0
train737.jpg,train737_obj1,non_snow,3,55,745,807,307989.0
train738.jpg,train738_obj1,non_snow,166,0,245,599,98487.0
train739.jpg,train739_obj1,non_snow,261,4,261,886,138884.0
train74.jpg,train74_obj1,non_snow,312,288,565,311,98023.0
train740.jpg,train740_obj1,non_snow,3,17,680,832,332943.0
train741.jpg,train741_obj1,non_snow,185,27,327,721,147734.0
train742.jpg,train742_obj1,non_snow,186,45,397,849,148240.0
train743.jpg,train743_obj1,non_snow,0,102,742,647,306508.0
train744.jpg,train744_obj1,non_snow,355,431,322,400,84537.0
train745.jpg,train745_obj1,non_snow,358,130,303,696,138265.0
train746.jpg,train746_obj1,non_snow,422,599,352,293,59204.0
train747.jpg,train747_obj1,non_snow,372,97,337,800,158209.0
train748.jpg,train748_obj1,non_snow,268,193,115,134,11691.0
train75.jpg,train75_obj1,non_snow,255,91,914,537,357701.0
train76.jpg,train76_obj1,non_snow,349,96,843,534,290570.0
train77.jpg,train77_obj1,non_snow,498,188,677,446,176687.0
train78.jpg,train78_obj1,non_snow,202,116,889,510,256710.0
train79.jpg,train79_obj1,non_snow,250,189,841,439,165919.0
train8.jpg,train8_obj1,snow,54,51,143,348,32773.0
train80.jpg,train80_obj1,non_snow,205,199,887,700,350279.0
train81.jpg,train81_obj1,non_snow,473,89,466,536,114538.0
train82.jpg,train82_obj1,non_snow,576,114,484,515,107853.0
train83.jpg,train83_obj1,non_snow,54,52,593,696,229613.0
train84.jpg,train84_obj1,non_snow,371,92,622,538,126708.0
train85.jpg,train85_obj1,non_snow,637,316,65,106,3551.0
train86.jpg,train86_obj1,non_snow,610,291,63,114,3479.0
train87.jpg,train87_obj1,non_snow,602,288,75,103,3975.0
train88.jpg,train88_obj1,non_snow,614,307,67,118,3773.0
train89.jpg,train89_obj1,non_snow,607,280,69,111,4254.0
train9.jpg,train9_obj1,non_snow,60,134,354,335,70317.0
train90.jpg,train90_obj1,non_snow,710,242,81,109,5484.0
train91.jpg,train91_obj1,non_snow,484,91,628,537,196336.0
train92.jpg,train92_obj1,non_snow,50,140,262,335,61025.0
train93.jpg,train93_obj1,non_snow,486,113,475,514,164576.0
train94.jpg,train94_obj1,non_snow,63,295,591,463,143985.0
train95.jpg,train95_obj1,non_snow,535,143,241,483,51273.0
train96.jpg,train96_obj1,non_snow,241,305,165,178,15201.0
train97.jpg,train97_obj1,non_snow,437,879,427,609,132795.0
train98.jpg,train98_obj1,non_snow,0,246,601,1476,567688.0
train99.jpg,train99_obj1,non_snow,540,17,659,781,321733.0
