filename,stem,action,environment,image_found,label_found,reason
image1.jpg,image1,train_copy,train,True,True,copied_to_train
image10.jpg,image10,train_copy,train,True,True,copied_to_train
image100.jpg,image100,train_copy,train,True,True,copied_to_train
image1009.jpg,image1009,train_copy,train,True,True,copied_to_train
image101.jpg,image101,train_copy,train,True,True,copied_to_train
image1010.jpg,image1010,train_copy,train,True,True,copied_to_train
image1011.jpg,image1011,train_copy,train,True,True,copied_to_train
image1012.jpg,image1012,train_copy,train,True,True,copied_to_train
image1013.jpg,image1013,train_copy,train,True,True,copied_to_train
image1014.jpg,image1014,train_copy,train,True,True,copied_to_train
image1015.jpg,image1015,train_copy,train,True,True,copied_to_train
image1016.jpg,image1016,train_copy,train,True,True,copied_to_train
image1017.jpg,image1017,train_copy,train,True,True,copied_to_train
image1018.jpg,image1018,train_copy,train,True,True,copied_to_train
image1019.jpg,image1019,train_copy,train,True,True,copied_to_train
image102.jpg,image102,train_copy,train,True,True,copied_to_train
image1020.jpg,image1020,train_copy,train,True,True,copied_to_train
image1021.jpg,image1021,train_copy,train,True,True,copied_to_train
image1022.jpg,image1022,train_copy,train,True,True,copied_to_train
image1023.jpg,image1023,train_copy,train,True,True,copied_to_train
image103.jpg,image103,train_copy,train,True,True,copied_to_train
image104.jpg,image104,train_copy,train,True,True,copied_to_train
image105.jpg,image105,train_copy,train,True,True,copied_to_train
image106.jpg,image106,train_copy,train,True,True,copied_to_train
image107.jpg,image107,train_copy,train,True,True,copied_to_train
image108.jpg,image108,train_copy,train,True,True,copied_to_train
image109.jpg,image109,train_copy,train,True,True,copied_to_train
image11.jpg,image11,train_copy,train,True,True,copied_to_train
image110.jpg,image110,train_copy,train,True,True,copied_to_train
image111.jpg,image111,train_copy,train,True,True,copied_to_train
image112.jpg,image112,train_copy,train,True,True,copied_to_train
image113.jpg,image113,train_copy,train,True,True,copied_to_train
image114.jpg,image114,train_copy,train,True,True,copied_to_train
image115.jpg,image115,train_copy,train,True,True,copied_to_train
image116.jpg,image116,train_copy,train,True,True,copied_to_train
image117.jpg,image117,train_copy,train,True,True,copied_to_train
image118.jpg,image118,train_copy,train,True,True,copied_to_train
image119.jpg,image119,train_copy,train,True,True,copied_to_train
image12.jpg,image12,train_copy,train,True,True,copied_to_train
image120.jpg,image120,train_copy,train,True,True,copied_to_train
image121.jpg,image121,train_copy,train,True,True,copied_to_train
image122.jpg,image122,train_copy,train,True,True,copied_to_train
image123.jpg,image123,train_copy,train,True,True,copied_to_train
image124.jpg,image124,train_copy,train,True,True,copied_to_train
image125.jpg,image125,train_copy,train,True,True,copied_to_train
image126.jpg,image126,train_copy,train,True,True,copied_to_train
image127.jpg,image127,train_copy,train,True,True,copied_to_train
image128.jpg,image128,train_copy,train,True,True,copied_to_train
image129.jpg,image129,train_copy,train,True,True,copied_to_train
image13.jpg,image13,train_copy,train,True,True,copied_to_train
image130.jpg,image130,train_copy,train,True,True,copied_to_train
image131.jpg,image131,train_copy,train,True,True,copied_to_train
image132.jpg,image132,train_copy,train,True,True,copied_to_train
image133.jpg,image133,train_copy,train,True,True,copied_to_train
image134.jpg,image134,train_copy,train,True,True,copied_to_train
image135.jpg,image135,train_copy,train,True,True,copied_to_train
image136.jpg,image136,train_copy,train,True,True,copied_to_train
image137.jpg,image137,train_copy,train,True,True,copied_to_train
image138.jpg,image138,train_copy,train,True,True,copied_to_train
image139.jpg,image139,train_copy,train,True,True,copied_to_train
image14.jpg,image14,train_copy,train,True,True,copied_to_train
image140.jpg,image140,train_copy,train,True,True,copied_to_train
image141.jpg,image141,train_copy,train,True,True,copied_to_train
image142.jpg,image142,train_copy,train,True,True,copied_to_train
image143.jpg,image143,train_copy,train,True,True,copied_to_train
image144.jpg,image144,train_copy,train,True,True,copied_to_train
image145.jpg,image145,train_copy,train,True,True,copied_to_train
image146.jpg,image146,train_copy,train,True,True,copied_to_train
image147.jpg,image147,train_copy,train,True,True,copied_to_train
image148.jpg,image148,train_copy,train,True,True,copied_to_train
image149.jpg,image149,train_copy,train,True,True,copied_to_train
image15.jpg,image15,train_copy,train,True,True,copied_to_train
image150.jpg,image150,train_copy,train,True,True,copied_to_train
image151.jpg,image151,train_copy,train,True,True,copied_to_train
image152.jpg,image152,train_copy,train,True,True,copied_to_train
image153.jpg,image153,train_copy,train,True,True,copied_to_train
image154.jpg,image154,train_copy,train,True,True,copied_to_train
image155.jpg,image155,train_copy,train,True,True,copied_to_train
image156.jpg,image156,train_copy,train,True,True,copied_to_train
image157.jpg,image157,train_copy,train,True,True,copied_to_train
image158.jpg,image158,train_copy,train,True,True,copied_to_train
image159.jpg,image159,train_copy,train,True,True,copied_to_train
image16.jpg,image16,train_copy,train,True,True,copied_to_train
image160.jpg,image160,train_copy,train,True,True,copied_to_train
image161.jpg,image161,train_copy,train,True,True,copied_to_train
image162.jpg,image162,train_copy,train,True,True,copied_to_train
image163.jpg,image163,train_copy,train,True,True,copied_to_train
image164.jpg,image164,train_copy,train,True,True,copied_to_train
image165.jpg,image165,train_copy,train,True,True,copied_to_train
image166.jpg,image166,train_copy,train,True,True,copied_to_train
image167.jpg,image167,train_copy,train,True,True,copied_to_train
image168.jpg,image168,train_copy,train,True,True,copied_to_train
image169.jpg,image169,train_copy,train,True,True,copied_to_train
image17.jpg,image17,train_copy,train,True,True,copied_to_train
image170.jpg,image170,train_copy,train,True,True,copied_to_train
image171.jpg,image171,train_copy,train,True,True,copied_to_train
image172.jpg,image172,train_copy,train,True,True,copied_to_train
image173.jpg,image173,train_copy,train,True,True,copied_to_train
image174.jpg,image174,train_copy,train,True,True,copied_to_train
image175.jpg,image175,train_copy,train,True,True,copied_to_train
image176.jpg,image176,train_copy,train,True,True,copied_to_train
image177.jpg,image177,train_copy,train,True,True,copied_to_train
image178.jpg,image178,train_copy,train,True,True,copied_to_train
image179.jpg,image179,train_copy,train,True,True,copied_to_train
image18.jpg,image18,train_copy,train,True,True,copied_to_train
image180.jpg,image180,train_copy,train,True,True,copied_to_train
image181.jpg,image181,train_copy,train,True,True,copied_to_train
image182.jpg,image182,train_copy,train,True,True,copied_to_train
image183.jpg,image183,train_copy,train,True,True,copied_to_train
image184.jpg,image184,train_copy,train,True,True,copied_to_train
image185.jpg,image185,train_copy,train,True,True,copied_to_train
image186.jpg,image186,train_copy,train,True,True,copied_to_train
image187.jpg,image187,train_copy,train,True,True,copied_to_train
image188.jpg,image188,train_copy,train,True,True,copied_to_train
image189.jpg,image189,train_copy,train,True,True,copied_to_train
image19.jpg,image19,train_copy,train,True,True,copied_to_train
image190.jpg,image190,train_copy,train,True,True,copied_to_train
image191.jpg,image191,train_copy,train,True,True,copied_to_train
image192.jpg,image192,train_copy,train,True,True,copied_to_train
image193.jpg,image193,train_copy,train,True,True,copied_to_train
image194.jpg,image194,train_copy,train,True,True,copied_to_train
image195.jpg,image195,train_copy,train,True,True,copied_to_train
image196.jpg,image196,train_copy,train,True,True,copied_to_train
image197.jpg,image197,train_copy,train,True,True,copied_to_train
image198.jpg,image198,train_copy,train,True,True,copied_to_train
image199.jpg,image199,train_copy,train,True,True,copied_to_train
image2.jpg,image2,train_copy,train,True,True,copied_to_train
image20.jpg,image20,train_copy,train,True,True,copied_to_train
image200.jpg,image200,train_copy,train,True,True,copied_to_train
image201.jpg,image201,train_copy,train,True,True,copied_to_train
image202.jpg,image202,train_copy,train,True,True,copied_to_train
image203.jpg,image203,train_copy,train,True,True,copied_to_train
image204.jpg,image204,train_copy,train,True,True,copied_to_train
image205.jpg,image205,train_copy,train,True,True,copied_to_train
image206.jpg,image206,train_copy,train,True,True,copied_to_train
image207.jpg,image207,train_copy,train,True,True,copied_to_train
image208.jpg,image208,train_copy,train,True,True,copied_to_train
image209.jpg,image209,train_copy,train,True,True,copied_to_train
image21.jpg,image21,train_copy,train,True,True,copied_to_train
image210.jpg,image210,train_copy,train,True,True,copied_to_train
image211.jpg,image211,train_copy,train,True,True,copied_to_train
image212.jpg,image212,train_copy,train,True,True,copied_to_train
image213.jpg,image213,train_copy,train,True,True,copied_to_train
image214.jpg,image214,train_copy,train,True,True,copied_to_train
image215.jpg,image215,train_copy,train,True,True,copied_to_train
image216.jpg,image216,train_copy,train,True,True,copied_to_train
image217.jpg,image217,train_copy,train,True,True,copied_to_train
image218.jpg,image218,train_copy,train,True,True,copied_to_train
image219.jpg,image219,train_copy,train,True,True,copied_to_train
image22.jpg,image22,train_copy,train,True,True,copied_to_train
image220.jpg,image220,train_copy,train,True,True,copied_to_train
image221.jpg,image221,train_copy,train,True,True,copied_to_train
image222.jpg,image222,train_copy,train,True,True,copied_to_train
image223.jpg,image223,train_copy,train,True,True,copied_to_train
image224.jpg,image224,train_copy,train,True,True,copied_to_train
image225.jpg,image225,train_copy,train,True,True,copied_to_train
image226.jpg,image226,train_copy,train,True,True,copied_to_train
image227.jpg,image227,train_copy,train,True,True,copied_to_train
image228.jpg,image228,train_copy,train,True,True,copied_to_train
image229.jpg,image229,train_copy,train,True,True,copied_to_train
image23.jpg,image23,train_copy,train,True,True,copied_to_train
image230.jpg,image230,train_copy,train,True,True,copied_to_train
image231.jpg,image231,train_copy,train,True,True,copied_to_train
image232.jpg,image232,train_copy,train,True,True,copied_to_train
image233.jpg,image233,train_copy,train,True,True,copied_to_train
image234.jpg,image234,train_copy,train,True,True,copied_to_train
image235.jpg,image235,train_copy,train,True,True,copied_to_train
image236.jpg,image236,train_copy,train,True,True,copied_to_train
image237.jpg,image237,train_copy,train,True,True,copied_to_train
image238.jpg,image238,train_copy,train,True,True,copied_to_train
image239.jpg,image239,train_copy,train,True,True,copied_to_train
image24.jpg,image24,train_copy,train,True,True,copied_to_train
image240.jpg,image240,train_copy,train,True,True,copied_to_train
image241.jpg,image241,train_copy,train,True,True,copied_to_train
image242.jpg,image242,train_copy,train,True,True,copied_to_train
image243.jpg,image243,train_copy,train,True,True,copied_to_train
image244.jpg,image244,train_copy,train,True,True,copied_to_train
image245.jpg,image245,train_copy,train,True,True,copied_to_train
image246.jpg,image246,train_copy,train,True,True,copied_to_train
image247.jpg,image247,train_copy,train,True,True,copied_to_train
image248.jpg,image248,train_copy,train,True,True,copied_to_train
image249.jpg,image249,train_copy,train,True,True,copied_to_train
image25.jpg,image25,train_copy,train,True,True,copied_to_train
image250.jpg,image250,train_copy,train,True,True,copied_to_train
image251.jpg,image251,train_copy,train,True,True,copied_to_train
image252.jpg,image252,train_copy,train,True,True,copied_to_train
image253.jpg,image253,train_copy,train,True,True,copied_to_train
image254.jpg,image254,train_copy,train,True,True,copied_to_train
image255.jpg,image255,train_copy,train,True,True,copied_to_train
image256.jpg,image256,train_copy,train,True,True,copied_to_train
image257.jpg,image257,train_copy,train,True,True,copied_to_train
image258.jpg,image258,train_copy,train,True,True,copied_to_train
image259.jpg,image259,train_copy,train,True,True,copied_to_train
image26.jpg,image26,train_copy,train,True,True,copied_to_train
image260.jpg,image260,train_copy,train,True,True,copied_to_train
image261.jpg,image261,train_copy,train,True,True,copied_to_train
image262.jpg,image262,train_copy,train,True,True,copied_to_train
image263.jpg,image263,train_copy,train,True,True,copied_to_train
image264.jpg,image264,train_copy,train,True,True,copied_to_train
image265.jpg,image265,train_copy,train,True,True,copied_to_train
image266.jpg,image266,train_copy,train,True,True,copied_to_train
image267.jpg,image267,train_copy,train,True,True,copied_to_train
image268.jpg,image268,train_copy,train,True,True,copied_to_train
image269.jpg,image269,train_copy,train,True,True,copied_to_train
image27.jpg,image27,train_copy,train,True,True,copied_to_train
image270.jpg,image270,train_copy,train,True,True,copied_to_train
image271.jpg,image271,train_copy,train,True,True,copied_to_train
image272.jpg,image272,train_copy,train,True,True,copied_to_train
image273.jpg,image273,train_copy,train,True,True,copied_to_train
image274.jpg,image274,train_copy,train,True,True,copied_to_train
image275.jpg,image275,train_copy,train,True,True,copied_to_train
image276.jpg,image276,train_copy,train,True,True,copied_to_train
image277.jpg,image277,train_copy,train,True,True,copied_to_train
image278.jpg,image278,train_copy,train,True,True,copied_to_train
image279.jpg,image279,train_copy,train,True,True,copied_to_train
image28.jpg,image28,train_copy,train,True,True,copied_to_train
image280.jpg,image280,train_copy,train,True,True,copied_to_train
image281.jpg,image281,train_copy,train,True,True,copied_to_train
image282.jpg,image282,train_copy,train,True,True,copied_to_train
image283.jpg,image283,train_copy,train,True,True,copied_to_train
image284.jpg,image284,train_copy,train,True,True,copied_to_train
image285.jpg,image285,train_copy,train,True,True,copied_to_train
image286.jpg,image286,train_copy,train,True,True,copied_to_train
image287.jpg,image287,train_copy,train,True,True,copied_to_train
image288.jpg,image288,train_copy,train,True,True,copied_to_train
image289.jpg,image289,train_copy,train,True,True,copied_to_train
image29.jpg,image29,train_copy,train,True,True,copied_to_train
image290.jpg,image290,train_copy,train,True,True,copied_to_train
image291.jpg,image291,train_copy,train,True,True,copied_to_train
image292.jpg,image292,train_copy,train,True,True,copied_to_train
image293.jpg,image293,train_copy,train,True,True,copied_to_train
image294.jpg,image294,train_copy,train,True,True,copied_to_train
image295.jpg,image295,train_copy,train,True,True,copied_to_train
image296.jpg,image296,train_copy,train,True,True,copied_to_train
image297.jpg,image297,train_copy,train,True,True,copied_to_train
image298.jpg,image298,train_copy,train,True,True,copied_to_train
image299.jpg,image299,train_copy,train,True,True,copied_to_train
image3.jpg,image3,train_copy,train,True,True,copied_to_train
image30.jpg,image30,train_copy,train,True,True,copied_to_train
image300.jpg,image300,train_copy,train,True,True,copied_to_train
image301.jpg,image301,train_copy,train,True,True,copied_to_train
image302.jpg,image302,train_copy,train,True,True,copied_to_train
image303.jpg,image303,train_copy,train,True,True,copied_to_train
image304.jpg,image304,train_copy,train,True,True,copied_to_train
image305.jpg,image305,train_copy,train,True,True,copied_to_train
image306.jpg,image306,train_copy,train,True,True,copied_to_train
image307.jpg,image307,train_copy,train,True,True,copied_to_train
image308.jpg,image308,train_copy,train,True,True,copied_to_train
image309.jpg,image309,train_copy,train,True,True,copied_to_train
image31.jpg,image31,train_copy,train,True,True,copied_to_train
image310.jpg,image310,train_copy,train,True,True,copied_to_train
image311.jpg,image311,train_copy,train,True,True,copied_to_train
image312.jpg,image312,train_copy,train,True,True,copied_to_train
image313.jpg,image313,train_copy,train,True,True,copied_to_train
image314.jpg,image314,train_copy,train,True,True,copied_to_train
image315.jpg,image315,train_copy,train,True,True,copied_to_train
image316.jpg,image316,train_copy,train,True,True,copied_to_train
image317.jpg,image317,train_copy,train,True,True,copied_to_train
image318.jpg,image318,train_copy,train,True,True,copied_to_train
image319.jpg,image319,train_copy,train,True,True,copied_to_train
image32.jpg,image32,train_copy,train,True,True,copied_to_train
image320.jpg,image320,train_copy,train,True,True,copied_to_train
image321.jpg,image321,train_copy,train,True,True,copied_to_train
image322.jpg,image322,train_copy,train,True,True,copied_to_train
image323.jpg,image323,train_copy,train,True,True,copied_to_train
image324.jpg,image324,train_copy,train,True,True,copied_to_train
image325.jpg,image325,train_copy,train,True,True,copied_to_train
image326.jpg,image326,train_copy,train,True,True,copied_to_train
image327.jpg,image327,train_copy,train,True,True,copied_to_train
image328.jpg,image328,train_copy,train,True,True,copied_to_train
image329.jpg,image329,train_copy,train,True,True,copied_to_train
image33.jpg,image33,train_copy,train,True,True,copied_to_train
image330.jpg,image330,train_copy,train,True,True,copied_to_train
image331.jpg,image331,train_copy,train,True,True,copied_to_train
image332.jpg,image332,train_copy,train,True,True,copied_to_train
image333.jpg,image333,train_copy,train,True,True,copied_to_train
image334.jpg,image334,train_copy,train,True,True,copied_to_train
image335.jpg,image335,train_copy,train,True,True,copied_to_train
image336.jpg,image336,train_copy,train,True,True,copied_to_train
image337.jpg,image337,train_copy,train,True,True,copied_to_train
image338.jpg,image338,train_copy,train,True,True,copied_to_train
image339.jpg,image339,train_copy,train,True,True,copied_to_train
image34.jpg,image34,train_copy,train,True,True,copied_to_train
image340.jpg,image340,train_copy,train,True,True,copied_to_train
image341.jpg,image341,train_copy,train,True,True,copied_to_train
image342.jpg,image342,train_copy,train,True,True,copied_to_train
image343.jpg,image343,train_copy,train,True,True,copied_to_train
image344.jpg,image344,train_copy,train,True,True,copied_to_train
image345.jpg,image345,train_copy,train,True,True,copied_to_train
image346.jpg,image346,train_copy,train,True,True,copied_to_train
image347.jpg,image347,train_copy,train,True,True,copied_to_train
image348.jpg,image348,train_copy,train,True,True,copied_to_train
image349.jpg,image349,train_copy,train,True,True,copied_to_train
image35.jpg,image35,train_copy,train,True,True,copied_to_train
image350.jpg,image350,train_copy,train,True,True,copied_to_train
image351.jpg,image351,train_copy,train,True,True,copied_to_train
image352.jpg,image352,train_copy,train,True,True,copied_to_train
image353.jpg,image353,train_copy,train,True,True,copied_to_train
image354.jpg,image354,train_copy,train,True,True,copied_to_train
image355.jpg,image355,train_copy,train,True,True,copied_to_train
image356.jpg,image356,train_copy,train,True,True,copied_to_train
image357.jpg,image357,train_copy,train,True,True,copied_to_train
image358.jpg,image358,train_copy,train,True,True,copied_to_train
image359.jpg,image359,train_copy,train,True,True,copied_to_train
image36.jpg,image36,train_copy,train,True,True,copied_to_train
image360.jpg,image360,train_copy,train,True,True,copied_to_train
image361.jpg,image361,train_copy,train,True,True,copied_to_train
image362.jpg,image362,train_copy,train,True,True,copied_to_train
image363.jpg,image363,train_copy,train,True,True,copied_to_train
image364.jpg,image364,train_copy,train,True,True,copied_to_train
image365.jpg,image365,train_copy,train,True,True,copied_to_train
image366.jpg,image366,train_copy,train,True,True,copied_to_train
image367.jpg,image367,train_copy,train,True,True,copied_to_train
image368.jpg,image368,train_copy,train,True,True,copied_to_train
image369.jpg,image369,train_copy,train,True,True,copied_to_train
image37.jpg,image37,train_copy,train,True,True,copied_to_train
image370.jpg,image370,train_copy,train,True,True,copied_to_train
image371.jpg,image371,train_copy,train,True,True,copied_to_train
image372.jpg,image372,train_copy,train,True,True,copied_to_train
image373.jpg,image373,train_copy,train,True,True,copied_to_train
image374.jpg,image374,train_copy,train,True,True,copied_to_train
image375.jpg,image375,train_copy,train,True,True,copied_to_train
image376.jpg,image376,train_copy,train,True,True,copied_to_train
image377.jpg,image377,train_copy,train,True,True,copied_to_train
image378.jpg,image378,train_copy,train,True,True,copied_to_train
image379.jpg,image379,train_copy,train,True,True,copied_to_train
image38.jpg,image38,train_copy,train,True,True,copied_to_train
image380.jpg,image380,train_copy,train,True,True,copied_to_train
image381.jpg,image381,train_copy,train,True,True,copied_to_train
image382.jpg,image382,train_copy,train,True,True,copied_to_train
image383.jpg,image383,train_copy,train,True,True,copied_to_train
image384.jpg,image384,train_copy,train,True,True,copied_to_train
image385.jpg,image385,train_copy,train,True,True,copied_to_train
image386.jpg,image386,train_copy,train,True,True,copied_to_train
image387.jpg,image387,train_copy,train,True,True,copied_to_train
image388.jpg,image388,train_copy,train,True,True,copied_to_train
image389.jpg,image389,train_copy,train,True,True,copied_to_train
image39.jpg,image39,train_copy,train,True,True,copied_to_train
image390.jpg,image390,train_copy,train,True,True,copied_to_train
image391.jpg,image391,train_copy,train,True,True,copied_to_train
image392.jpg,image392,train_copy,train,True,True,copied_to_train
image393.jpg,image393,train_copy,train,True,True,copied_to_train
image394.jpg,image394,train_copy,train,True,True,copied_to_train
image395.jpg,image395,train_copy,train,True,True,copied_to_train
image396.jpg,image396,train_copy,train,True,True,copied_to_train
image397.jpg,image397,train_copy,train,True,True,copied_to_train
image398.jpg,image398,train_copy,train,True,True,copied_to_train
image399.jpg,image399,train_copy,train,True,True,copied_to_train
image4.jpg,image4,train_copy,train,True,True,copied_to_train
image40.jpg,image40,train_copy,train,True,True,copied_to_train
image400.jpg,image400,train_copy,train,True,True,copied_to_train
image401.jpg,image401,train_copy,train,True,True,copied_to_train
image402.jpg,image402,train_copy,train,True,True,copied_to_train
image403.jpg,image403,train_copy,train,True,True,copied_to_train
image404.jpg,image404,train_copy,train,True,True,copied_to_train
image405.jpg,image405,train_copy,train,True,True,copied_to_train
image406.jpg,image406,train_copy,train,True,True,copied_to_train
image407.jpg,image407,train_copy,train,True,True,copied_to_train
image408.jpg,image408,train_copy,train,True,True,copied_to_train
image409.jpg,image409,train_copy,train,True,True,copied_to_train
image41.jpg,image41,train_copy,train,True,True,copied_to_train
image410.jpg,image410,train_copy,train,True,True,copied_to_train
image411.jpg,image411,train_copy,train,True,True,copied_to_train
image412.jpg,image412,train_copy,train,True,True,copied_to_train
image413.jpg,image413,train_copy,train,True,True,copied_to_train
image414.jpg,image414,train_copy,train,True,True,copied_to_train
image415.jpg,image415,train_copy,train,True,True,copied_to_train
image416.jpg,image416,train_copy,train,True,True,copied_to_train
image417.jpg,image417,train_copy,train,True,True,copied_to_train
image418.jpg,image418,train_copy,train,True,True,copied_to_train
image419.jpg,image419,train_copy,train,True,True,copied_to_train
image42.jpg,image42,train_copy,train,True,True,copied_to_train
image420.jpg,image420,train_copy,train,True,True,copied_to_train
image421.jpg,image421,train_copy,train,True,True,copied_to_train
image422.jpg,image422,train_copy,train,True,True,copied_to_train
image423.jpg,image423,train_copy,train,True,True,copied_to_train
image424.jpg,image424,train_copy,train,True,True,copied_to_train
image425.jpg,image425,train_copy,train,True,True,copied_to_train
image426.jpg,image426,train_copy,train,True,True,copied_to_train
image427.jpg,image427,train_copy,train,True,True,copied_to_train
image428.jpg,image428,train_copy,train,True,True,copied_to_train
image429.jpg,image429,train_copy,train,True,True,copied_to_train
image43.jpg,image43,train_copy,train,True,True,copied_to_train
image430.jpg,image430,train_copy,train,True,True,copied_to_train
image431.jpg,image431,train_copy,train,True,True,copied_to_train
image432.jpg,image432,train_copy,train,True,True,copied_to_train
image433.jpg,image433,train_copy,train,True,True,copied_to_train
image434.jpg,image434,train_copy,train,True,True,copied_to_train
image435.jpg,image435,train_copy,train,True,True,copied_to_train
image436.jpg,image436,train_copy,train,True,True,copied_to_train
image437.jpg,image437,train_copy,train,True,True,copied_to_train
image438.jpg,image438,train_copy,train,True,True,copied_to_train
image439.jpg,image439,train_copy,train,True,True,copied_to_train
image44.jpg,image44,train_copy,train,True,True,copied_to_train
image440.jpg,image440,train_copy,train,True,True,copied_to_train
image441.jpg,image441,train_copy,train,True,True,copied_to_train
image442.jpg,image442,train_copy,train,True,True,copied_to_train
image443.jpg,image443,train_copy,train,True,True,copied_to_train
image444.jpg,image444,train_copy,train,True,True,copied_to_train
image445.jpg,image445,train_copy,train,True,True,copied_to_train
image446.jpg,image446,train_copy,train,True,True,copied_to_train
image447.jpg,image447,train_copy,train,True,True,copied_to_train
image448.jpg,image448,train_copy,train,True,True,copied_to_train
image449.jpg,image449,train_copy,train,True,True,copied_to_train
image45.jpg,image45,train_copy,train,True,True,copied_to_train
image450.jpg,image450,train_copy,train,True,True,copied_to_train
image451.jpg,image451,train_copy,train,True,True,copied_to_train
image452.jpg,image452,train_copy,train,True,True,copied_to_train
image453.jpg,image453,train_copy,train,True,True,copied_to_train
image454.jpg,image454,train_copy,train,True,True,copied_to_train
image455.jpg,image455,train_copy,train,True,True,copied_to_train
image456.jpg,image456,train_copy,train,True,True,copied_to_train
image457.jpg,image457,train_copy,train,True,True,copied_to_train
image458.jpg,image458,train_copy,train,True,True,copied_to_train
image459.jpg,image459,train_copy,train,True,True,copied_to_train
image46.jpg,image46,train_copy,train,True,True,copied_to_train
image460.jpg,image460,train_copy,train,True,True,copied_to_train
image461.jpg,image461,train_copy,train,True,True,copied_to_train
image462.jpg,image462,train_copy,train,True,True,copied_to_train
image463.jpg,image463,train_copy,train,True,True,copied_to_train
image464.jpg,image464,train_copy,train,True,True,copied_to_train
image465.jpg,image465,train_copy,train,True,True,copied_to_train
image466.jpg,image466,train_copy,train,True,True,copied_to_train
image467.jpg,image467,train_copy,train,True,True,copied_to_train
image468.jpg,image468,train_copy,train,True,True,copied_to_train
image469.jpg,image469,train_copy,train,True,True,copied_to_train
image47.jpg,image47,train_copy,train,True,True,copied_to_train
image470.jpg,image470,train_copy,train,True,True,copied_to_train
image471.jpg,image471,train_copy,train,True,True,copied_to_train
image472.jpg,image472,train_copy,train,True,True,copied_to_train
image473.jpg,image473,train_copy,train,True,True,copied_to_train
image474.jpg,image474,train_copy,train,True,True,copied_to_train
image475.jpg,image475,train_copy,train,True,True,copied_to_train
image476.jpg,image476,train_copy,train,True,True,copied_to_train
image477.jpg,image477,train_copy,train,True,True,copied_to_train
image478.jpg,image478,train_copy,train,True,True,copied_to_train
image479.jpg,image479,train_copy,train,True,True,copied_to_train
image48.jpg,image48,train_copy,train,True,True,copied_to_train
image480.jpg,image480,train_copy,train,True,True,copied_to_train
image481.jpg,image481,train_copy,train,True,True,copied_to_train
image482.jpg,image482,train_copy,train,True,True,copied_to_train
image483.jpg,image483,train_copy,train,True,True,copied_to_train
image484.jpg,image484,train_copy,train,True,True,copied_to_train
image485.jpg,image485,train_copy,train,True,True,copied_to_train
image486.jpg,image486,train_copy,train,True,True,copied_to_train
image487.jpg,image487,train_copy,train,True,True,copied_to_train
image488.jpg,image488,train_copy,train,True,True,copied_to_train
image489.jpg,image489,train_copy,train,True,True,copied_to_train
image49.jpg,image49,train_copy,train,True,True,copied_to_train
image490.jpg,image490,train_copy,train,True,True,copied_to_train
image491.jpg,image491,train_copy,train,True,True,copied_to_train
image492.jpg,image492,train_copy,train,True,True,copied_to_train
image493.jpg,image493,train_copy,train,True,True,copied_to_train
image494.jpg,image494,train_copy,train,True,True,copied_to_train
image495.jpg,image495,train_copy,train,True,True,copied_to_train
image496.jpg,image496,train_copy,train,True,True,copied_to_train
image497.jpg,image497,train_copy,train,True,True,copied_to_train
image498.jpg,image498,train_copy,train,True,True,copied_to_train
image499.jpg,image499,train_copy,train,True,True,copied_to_train
image5.jpg,image5,train_copy,train,True,True,copied_to_train
image50.jpg,image50,train_copy,train,True,True,copied_to_train
image500.jpg,image500,train_copy,train,True,True,copied_to_train
image51.jpg,image51,train_copy,train,True,True,copied_to_train
image52.jpg,image52,train_copy,train,True,True,copied_to_train
image53.jpg,image53,train_copy,train,True,True,copied_to_train
image54.jpg,image54,train_copy,train,True,True,copied_to_train
image55.jpg,image55,train_copy,train,True,True,copied_to_train
image56.jpg,image56,train_copy,train,True,True,copied_to_train
image57.jpg,image57,train_copy,train,True,True,copied_to_train
image571.jpg,image571,train_copy,train,True,True,copied_to_train
image572.jpg,image572,train_copy,train,True,True,copied_to_train
image573.jpg,image573,train_copy,train,True,True,copied_to_train
image574.jpg,image574,train_copy,train,True,True,copied_to_train
image575.jpg,image575,train_copy,train,True,True,copied_to_train
image576.jpg,image576,train_copy,train,True,True,copied_to_train
image577.jpg,image577,train_copy,train,True,True,copied_to_train
image578.jpg,image578,train_copy,train,True,True,copied_to_train
image579.jpg,image579,train_copy,train,True,True,copied_to_train
image58.jpg,image58,train_copy,train,True,True,copied_to_train
image580.jpg,image580,train_copy,train,True,True,copied_to_train
image581.jpg,image581,train_copy,train,True,True,copied_to_train
image582.jpg,image582,train_copy,train,True,True,copied_to_train
image583.jpg,image583,train_copy,train,True,True,copied_to_train
image584.jpg,image584,train_copy,train,True,True,copied_to_train
image585.jpg,image585,train_copy,train,True,True,copied_to_train
image586.jpg,image586,train_copy,train,True,True,copied_to_train
image587.jpg,image587,train_copy,train,True,True,copied_to_train
image588.jpg,image588,train_copy,train,True,True,copied_to_train
image589.jpg,image589,train_copy,train,True,True,copied_to_train
image59.jpg,image59,train_copy,train,True,True,copied_to_train
image590.jpg,image590,train_copy,train,True,True,copied_to_train
image591.jpg,image591,train_copy,train,True,True,copied_to_train
image592.jpg,image592,train_copy,train,True,True,copied_to_train
image593.jpg,image593,train_copy,train,True,True,copied_to_train
image594.jpg,image594,train_copy,train,True,True,copied_to_train
image595.jpg,image595,train_copy,train,True,True,copied_to_train
image596.jpg,image596,train_copy,train,True,True,copied_to_train
image597.jpg,image597,train_copy,train,True,True,copied_to_train
image598.jpg,image598,train_copy,train,True,True,copied_to_train
image599.jpg,image599,train_copy,train,True,True,copied_to_train
image6.jpg,image6,train_copy,train,True,True,copied_to_train
image60.jpg,image60,train_copy,train,True,True,copied_to_train
image600.jpg,image600,train_copy,train,True,True,copied_to_train
image61.jpg,image61,train_copy,train,True,True,copied_to_train
image62.jpg,image62,train_copy,train,True,True,copied_to_train
image63.jpg,image63,train_copy,train,True,True,copied_to_train
image631.jpg,image631,train_copy,train,True,True,copied_to_train
image632.jpg,image632,train_copy,train,True,True,copied_to_train
image633.jpg,image633,train_copy,train,True,True,copied_to_train
image634.jpg,image634,train_copy,train,True,True,copied_to_train
image635.jpg,image635,train_copy,train,True,True,copied_to_train
image636.jpg,image636,train_copy,train,True,True,copied_to_train
image637.jpg,image637,train_copy,train,True,True,copied_to_train
image638.jpg,image638,train_copy,train,True,True,copied_to_train
image639.jpg,image639,train_copy,train,True,True,copied_to_train
image64.jpg,image64,train_copy,train,True,True,copied_to_train
image640.jpg,image640,train_copy,train,True,True,copied_to_train
image641.jpg,image641,train_copy,train,True,True,copied_to_train
image642.jpg,image642,train_copy,train,True,True,copied_to_train
image643.jpg,image643,train_copy,train,True,True,copied_to_train
image644.jpg,image644,train_copy,train,True,True,copied_to_train
image645.jpg,image645,train_copy,train,True,True,copied_to_train
image646.jpg,image646,train_copy,train,True,True,copied_to_train
image647.jpg,image647,train_copy,train,True,True,copied_to_train
image648.jpg,image648,train_copy,train,True,True,copied_to_train
image649.jpg,image649,train_copy,train,True,True,copied_to_train
image65.jpg,image65,train_copy,train,True,True,copied_to_train
image650.jpg,image650,train_copy,train,True,True,copied_to_train
image651.jpg,image651,train_copy,train,True,True,copied_to_train
image652.jpg,image652,train_copy,train,True,True,copied_to_train
image653.jpg,image653,train_copy,train,True,True,copied_to_train
image654.jpg,image654,train_copy,train,True,True,copied_to_train
image655.jpg,image655,train_copy,train,True,True,copied_to_train
image656.jpg,image656,train_copy,train,True,True,copied_to_train
image657.jpg,image657,train_copy,train,True,True,copied_to_train
image658.jpg,image658,train_copy,train,True,True,copied_to_train
image659.jpg,image659,train_copy,train,True,True,copied_to_train
image66.jpg,image66,train_copy,train,True,True,copied_to_train
image660.jpg,image660,train_copy,train,True,True,copied_to_train
image661.jpg,image661,train_copy,train,True,True,copied_to_train
image662.jpg,image662,train_copy,train,True,True,copied_to_train
image663.jpg,image663,train_copy,train,True,True,copied_to_train
image664.jpg,image664,train_copy,train,True,True,copied_to_train
image665.jpg,image665,train_copy,train,True,True,copied_to_train
image666.jpg,image666,train_copy,train,True,True,copied_to_train
image667.jpg,image667,train_copy,train,True,True,copied_to_train
image668.jpg,image668,train_copy,train,True,True,copied_to_train
image669.jpg,image669,train_copy,train,True,True,copied_to_train
image67.jpg,image67,train_copy,train,True,True,copied_to_train
image670.jpg,image670,train_copy,train,True,True,copied_to_train
image671.jpg,image671,train_copy,train,True,True,copied_to_train
image672.jpg,image672,train_copy,train,True,True,copied_to_train
image673.jpg,image673,train_copy,train,True,True,copied_to_train
image674.jpg,image674,train_copy,train,True,True,copied_to_train
image675.jpg,image675,train_copy,train,True,True,copied_to_train
image676.jpg,image676,train_copy,train,True,True,copied_to_train
image677.jpg,image677,train_copy,train,True,True,copied_to_train
image678.jpg,image678,train_copy,train,True,True,copied_to_train
image679.jpg,image679,train_copy,train,True,True,copied_to_train
image68.jpg,image68,train_copy,train,True,True,copied_to_train
image680.jpg,image680,train_copy,train,True,True,copied_to_train
image681.jpg,image681,train_copy,train,True,True,copied_to_train
image682.jpg,image682,train_copy,train,True,True,copied_to_train
image683.jpg,image683,train_copy,train,True,True,copied_to_train
image684.jpg,image684,train_copy,train,True,True,copied_to_train
image685.jpg,image685,train_copy,train,True,True,copied_to_train
image686.jpg,image686,train_copy,train,True,True,copied_to_train
image687.jpg,image687,train_copy,train,True,True,copied_to_train
image688.jpg,image688,train_copy,train,True,True,copied_to_train
image689.jpg,image689,train_copy,train,True,True,copied_to_train
image69.jpg,image69,train_copy,train,True,True,copied_to_train
image690.jpg,image690,train_copy,train,True,True,copied_to_train
image7.jpg,image7,train_copy,train,True,True,copied_to_train
image70.jpg,image70,train_copy,train,True,True,copied_to_train
image71.jpg,image71,train_copy,train,True,True,copied_to_train
image72.jpg,image72,train_copy,train,True,True,copied_to_train
image73.jpg,image73,train_copy,train,True,True,copied_to_train
image74.jpg,image74,train_copy,train,True,True,copied_to_train
image75.jpg,image75,train_copy,train,True,True,copied_to_train
image76.jpg,image76,train_copy,train,True,True,copied_to_train
image77.jpg,image77,train_copy,train,True,True,copied_to_train
image78.jpg,image78,train_copy,train,True,True,copied_to_train
image79.jpg,image79,train_copy,train,True,True,copied_to_train
image796.jpg,image796,train_copy,train,True,True,copied_to_train
image797.jpg,image797,train_copy,train,True,True,copied_to_train
image798.jpg,image798,train_copy,train,True,True,copied_to_train
image799.jpg,image799,train_copy,train,True,True,copied_to_train
image8.jpg,image8,train_copy,train,True,True,copied_to_train
image80.jpg,image80,train_copy,train,True,True,copied_to_train
image800.jpg,image800,train_copy,train,True,True,copied_to_train
image801.jpg,image801,train_copy,train,True,True,copied_to_train
image802.jpg,image802,train_copy,train,True,True,copied_to_train
image803.jpg,image803,train_copy,train,True,True,copied_to_train
image804.jpg,image804,train_copy,train,True,True,copied_to_train
image805.jpg,image805,train_copy,train,True,True,copied_to_train
image806.jpg,image806,train_copy,train,True,True,copied_to_train
image807.jpg,image807,train_copy,train,True,True,copied_to_train
image808.jpg,image808,train_copy,train,True,True,copied_to_train
image809.jpg,image809,train_copy,train,True,True,copied_to_train
image81.jpg,image81,train_copy,train,True,True,copied_to_train
image810.jpg,image810,train_copy,train,True,True,copied_to_train
image811.jpg,image811,train_copy,train,True,True,copied_to_train
image812.jpg,image812,train_copy,train,True,True,copied_to_train
image813.jpg,image813,train_copy,train,True,True,copied_to_train
image814.jpg,image814,train_copy,train,True,True,copied_to_train
image815.jpg,image815,train_copy,train,True,True,copied_to_train
image816.jpg,image816,train_copy,train,True,True,copied_to_train
image817.jpg,image817,train_copy,train,True,True,copied_to_train
image818.jpg,image818,train_copy,train,True,True,copied_to_train
image819.jpg,image819,train_copy,train,True,True,copied_to_train
image82.jpg,image82,train_copy,train,True,True,copied_to_train
image820.jpg,image820,train_copy,train,True,True,copied_to_train
image821.jpg,image821,train_copy,train,True,True,copied_to_train
image822.jpg,image822,train_copy,train,True,True,copied_to_train
image823.jpg,image823,train_copy,train,True,True,copied_to_train
image824.jpg,image824,train_copy,train,True,True,copied_to_train
image825.jpg,image825,train_copy,train,True,True,copied_to_train
image826.jpg,image826,train_copy,train,True,True,copied_to_train
image827.jpg,image827,train_copy,train,True,True,copied_to_train
image828.jpg,image828,train_copy,train,True,True,copied_to_train
image829.jpg,image829,train_copy,train,True,True,copied_to_train
image83.jpg,image83,train_copy,train,True,True,copied_to_train
image839.jpg,image839,train_copy,train,True,True,copied_to_train
image84.jpg,image84,train_copy,train,True,True,copied_to_train
image840.jpg,image840,train_copy,train,True,True,copied_to_train
image841.jpg,image841,train_copy,train,True,True,copied_to_train
image842.jpg,image842,train_copy,train,True,True,copied_to_train
image843.jpg,image843,train_copy,train,True,True,copied_to_train
image844.jpg,image844,train_copy,train,True,True,copied_to_train
image845.jpg,image845,train_copy,train,True,True,copied_to_train
image846.jpg,image846,train_copy,train,True,True,copied_to_train
image847.jpg,image847,train_copy,train,True,True,copied_to_train
image848.jpg,image848,train_copy,train,True,True,copied_to_train
image849.jpg,image849,train_copy,train,True,True,copied_to_train
image85.jpg,image85,train_copy,train,True,True,copied_to_train
image850.jpg,image850,train_copy,train,True,True,copied_to_train
image851.jpg,image851,train_copy,train,True,True,copied_to_train
image852.jpg,image852,train_copy,train,True,True,copied_to_train
image853.jpg,image853,train_copy,train,True,True,copied_to_train
image854.jpg,image854,train_copy,train,True,True,copied_to_train
image855.jpg,image855,train_copy,train,True,True,copied_to_train
image856.jpg,image856,train_copy,train,True,True,copied_to_train
image857.jpg,image857,train_copy,train,True,True,copied_to_train
image858.jpg,image858,train_copy,train,True,True,copied_to_train
image859.jpg,image859,train_copy,train,True,True,copied_to_train
image86.jpg,image86,train_copy,train,True,True,copied_to_train
image860.jpg,image860,train_copy,train,True,True,copied_to_train
image861.jpg,image861,train_copy,train,True,True,copied_to_train
image862.jpg,image862,train_copy,train,True,True,copied_to_train
image863.jpg,image863,train_copy,train,True,True,copied_to_train
image864.jpg,image864,train_copy,train,True,True,copied_to_train
image865.jpg,image865,train_copy,train,True,True,copied_to_train
image866.jpg,image866,train_copy,train,True,True,copied_to_train
image867.jpg,image867,train_copy,train,True,True,copied_to_train
image87.jpg,image87,train_copy,train,True,True,copied_to_train
image877.jpg,image877,train_copy,train,True,True,copied_to_train
image878.jpg,image878,train_copy,train,True,True,copied_to_train
image879.jpg,image879,train_copy,train,True,True,copied_to_train
image88.jpg,image88,train_copy,train,True,True,copied_to_train
image880.jpg,image880,train_copy,train,True,True,copied_to_train
image881.jpg,image881,train_copy,train,True,True,copied_to_train
image882.jpg,image882,train_copy,train,True,True,copied_to_train
image883.jpg,image883,train_copy,train,True,True,copied_to_train
image884.jpg,image884,train_copy,train,True,True,copied_to_train
image885.jpg,image885,train_copy,train,True,True,copied_to_train
image89.jpg,image89,train_copy,train,True,True,copied_to_train
image9.jpg,image9,train_copy,train,True,True,copied_to_train
image90.jpg,image90,train_copy,train,True,True,copied_to_train
image91.jpg,image91,train_copy,train,True,True,copied_to_train
image92.jpg,image92,train_copy,train,True,True,copied_to_train
image93.jpg,image93,train_copy,train,True,True,copied_to_train
image937.jpg,image937,train_copy,train,True,True,copied_to_train
image938.jpg,image938,train_copy,train,True,True,copied_to_train
image939.jpg,image939,train_copy,train,True,True,copied_to_train
image94.jpg,image94,train_copy,train,True,True,copied_to_train
image940.jpg,image940,train_copy,train,True,True,copied_to_train
image941.jpg,image941,train_copy,train,True,True,copied_to_train
image942.jpg,image942,train_copy,train,True,True,copied_to_train
image943.jpg,image943,train_copy,train,True,True,copied_to_train
image944.jpg,image944,train_copy,train,True,True,copied_to_train
image945.jpg,image945,train_copy,train,True,True,copied_to_train
image946.jpg,image946,train_copy,train,True,True,copied_to_train
image947.jpg,image947,train_copy,train,True,True,copied_to_train
image948.jpg,image948,train_copy,train,True,True,copied_to_train
image949.jpg,image949,train_copy,train,True,True,copied_to_train
image95.jpg,image95,train_copy,train,True,True,copied_to_train
image950.jpg,image950,train_copy,train,True,True,copied_to_train
image951.jpg,image951,train_copy,train,True,True,copied_to_train
image952.jpg,image952,train_copy,train,True,True,copied_to_train
image953.jpg,image953,train_copy,train,True,True,copied_to_train
image954.jpg,image954,train_copy,train,True,True,copied_to_train
image955.jpg,image955,train_copy,train,True,True,copied_to_train
image956.jpg,image956,train_copy,train,True,True,copied_to_train
image957.jpg,image957,train_copy,train,True,True,copied_to_train
image958.jpg,image958,train_copy,train,True,True,copied_to_train
image959.jpg,image959,train_copy,train,True,True,copied_to_train
image96.jpg,image96,train_copy,train,True,True,copied_to_train
image960.jpg,image960,train_copy,train,True,True,copied_to_train
image961.jpg,image961,train_copy,train,True,True,copied_to_train
image962.jpg,image962,train_copy,train,True,True,copied_to_train
image963.jpg,image963,train_copy,train,True,True,copied_to_train
image964.jpg,image964,train_copy,train,True,True,copied_to_train
image965.jpg,image965,train_copy,train,True,True,copied_to_train
image966.jpg,image966,train_copy,train,True,True,copied_to_train
image967.jpg,image967,train_copy,train,True,True,copied_to_train
image968.jpg,image968,train_copy,train,True,True,copied_to_train
image969.jpg,image969,train_copy,train,True,True,copied_to_train
image97.jpg,image97,train_copy,train,True,True,copied_to_train
image970.jpg,image970,train_copy,train,True,True,copied_to_train
image971.jpg,image971,train_copy,train,True,True,copied_to_train
image972.jpg,image972,train_copy,train,True,True,copied_to_train
image98.jpg,image98,train_copy,train,True,True,copied_to_train
image99.jpg,image99,train_copy,train,True,True,copied_to_train
imgR145.jpg,imgr145,train_copy,train,True,True,copied_to_train
imgR146.jpg,imgr146,train_copy,train,True,True,copied_to_train
imgR147.jpg,imgr147,train_copy,train,True,True,copied_to_train
imgR148.jpg,imgr148,train_copy,train,True,True,copied_to_train
imgR149.jpg,imgr149,train_copy,train,True,True,copied_to_train
imgR150.jpg,imgr150,train_copy,train,True,True,copied_to_train
imgR151.jpg,imgr151,train_copy,train,True,True,copied_to_train
imgR152.jpg,imgr152,train_copy,train,True,True,copied_to_train
imgR153.jpg,imgr153,train_copy,train,True,True,copied_to_train
imgR154.jpg,imgr154,train_copy,train,True,True,copied_to_train
imgR155.jpg,imgr155,train_copy,train,True,True,copied_to_train
imgR156.jpg,imgr156,train_copy,train,True,True,copied_to_train
imgR157.jpg,imgr157,train_copy,train,True,True,copied_to_train
imgR158.jpg,imgr158,train_copy,train,True,True,copied_to_train
imgR159.jpg,imgr159,train_copy,train,True,True,copied_to_train
imgR181.jpg,imgr181,train_copy,train,True,True,copied_to_train
imgR182.jpg,imgr182,train_copy,train,True,True,copied_to_train
imgR183.jpg,imgr183,train_copy,train,True,True,copied_to_train
imgR184.jpg,imgr184,train_copy,train,True,True,copied_to_train
imgR185.jpg,imgr185,train_copy,train,True,True,copied_to_train
imgR186.jpg,imgr186,train_copy,train,True,True,copied_to_train
imgR187.jpg,imgr187,train_copy,train,True,True,copied_to_train
imgR188.jpg,imgr188,train_copy,train,True,True,copied_to_train
imgR189.jpg,imgr189,train_copy,train,True,True,copied_to_train
imgR190.jpg,imgr190,train_copy,train,True,True,copied_to_train
imgR191.jpg,imgr191,train_copy,train,True,True,copied_to_train
imgR192.jpg,imgr192,train_copy,train,True,True,copied_to_train
imgR193.jpg,imgr193,train_copy,train,True,True,copied_to_train
imgR194.jpg,imgr194,train_copy,train,True,True,copied_to_train
imgR195.jpg,imgr195,train_copy,train,True,True,copied_to_train
imgR196.jpg,imgr196,train_copy,train,True,True,copied_to_train
imgR197.jpg,imgr197,train_copy,train,True,True,copied_to_train
imgR198.jpg,imgr198,train_copy,train,True,True,copied_to_train
imgR199.jpg,imgr199,train_copy,train,True,True,copied_to_train
imgR200.jpg,imgr200,train_copy,train,True,True,copied_to_train
image875.jpg,image875,reserve_copy,reserve,True,True,copied_to_reserve
image876.jpg,image876,reserve_copy,reserve,True,True,copied_to_reserve
image522.jpg,image522,reserve_copy,reserve,True,True,copied_to_reserve
image874.jpg,image874,reserve_copy,reserve,True,True,copied_to_reserve
image748.jpg,image748,reserve_copy,reserve,True,True,copied_to_reserve
image515.jpg,image515,reserve_copy,reserve,True,True,copied_to_reserve
image615.jpg,image615,reserve_copy,reserve,True,True,copied_to_reserve
image514.jpg,image514,reserve_copy,reserve,True,True,copied_to_reserve
image771.jpg,image771,reserve_copy,reserve,True,True,copied_to_reserve
image781.jpg,image781,reserve_copy,reserve,True,True,copied_to_reserve
image511.jpg,image511,reserve_copy,reserve,True,True,copied_to_reserve
image932.jpg,image932,reserve_copy,reserve,True,True,copied_to_reserve
image551.jpg,image551,reserve_copy,reserve,True,True,copied_to_reserve
imgR160.jpg,imgr160,reserve_copy,reserve,True,True,copied_to_reserve
image559.jpg,image559,reserve_copy,reserve,True,True,copied_to_reserve
image510.jpg,image510,reserve_copy,reserve,True,True,copied_to_reserve
image508.jpg,image508,reserve_copy,reserve,True,True,copied_to_reserve
image561.jpg,image561,reserve_copy,reserve,True,True,copied_to_reserve
image545.jpg,image545,reserve_copy,reserve,True,True,copied_to_reserve
image793.jpg,image793,reserve_copy,reserve,True,True,copied_to_reserve
image547.jpg,image547,reserve_copy,reserve,True,True,copied_to_reserve
image922.jpg,image922,reserve_copy,reserve,True,True,copied_to_reserve
image973.jpg,image973,reserve_copy,reserve,True,True,copied_to_reserve
image905.jpg,image905,reserve_copy,reserve,True,True,copied_to_reserve
image978.jpg,image978,reserve_copy,reserve,True,True,copied_to_reserve
image903.jpg,image903,reserve_copy,reserve,True,True,copied_to_reserve
image982.jpg,image982,reserve_copy,reserve,True,True,copied_to_reserve
image895.jpg,image895,reserve_copy,reserve,True,True,copied_to_reserve
image901.jpg,image901,reserve_copy,reserve,True,True,copied_to_reserve
image1004.jpg,image1004,reserve_copy,reserve,True,True,copied_to_reserve
image629.jpg,image629,val_move,non_snow,True,True,assigned_to_val
image758.jpg,image758,val_move,non_snow,True,True,assigned_to_val
image921.jpg,image921,val_move,non_snow,True,True,assigned_to_val
image550.jpg,image550,val_move,non_snow,True,True,assigned_to_val
image528.jpg,image528,val_move,non_snow,True,True,assigned_to_val
imgR164.jpg,imgr164,val_move,non_snow,True,True,assigned_to_val
image891.jpg,image891,val_move,non_snow,True,True,assigned_to_val
image723.jpg,image723,val_move,non_snow,True,True,assigned_to_val
image625.jpg,image625,val_move,non_snow,True,True,assigned_to_val
imgR173.jpg,imgr173,val_move,non_snow,True,True,assigned_to_val
image695.jpg,image695,val_move,non_snow,True,True,assigned_to_val
image621.jpg,image621,val_move,non_snow,True,True,assigned_to_val
image751.jpg,image751,val_move,non_snow,True,True,assigned_to_val
image887.jpg,image887,val_move,non_snow,True,True,assigned_to_val
image868.jpg,image868,val_move,non_snow,True,True,assigned_to_val
image1001.jpg,image1001,val_move,non_snow,True,True,assigned_to_val
imgR175.jpg,imgr175,val_move,non_snow,True,True,assigned_to_val
image833.jpg,image833,val_move,non_snow,True,True,assigned_to_val
image934.jpg,image934,val_move,non_snow,True,True,assigned_to_val
image704.jpg,image704,val_move,non_snow,True,True,assigned_to_val
image622.jpg,image622,val_move,non_snow,True,True,assigned_to_val
image542.jpg,image542,val_move,non_snow,True,True,assigned_to_val
image560.jpg,image560,val_move,non_snow,True,True,assigned_to_val
image502.jpg,image502,val_move,non_snow,True,True,assigned_to_val
image740.jpg,image740,val_move,non_snow,True,True,assigned_to_val
image837.jpg,image837,val_move,non_snow,True,True,assigned_to_val
image712.jpg,image712,val_move,non_snow,True,True,assigned_to_val
image618.jpg,image618,val_move,non_snow,True,True,assigned_to_val
image541.jpg,image541,val_move,non_snow,True,True,assigned_to_val
image700.jpg,image700,val_move,non_snow,True,True,assigned_to_val
image619.jpg,image619,val_move,non_snow,True,True,assigned_to_val
imgR174.jpg,imgr174,val_move,non_snow,True,True,assigned_to_val
image570.jpg,image570,val_move,non_snow,True,True,assigned_to_val
image917.jpg,image917,val_move,non_snow,True,True,assigned_to_val
imgR168.jpg,imgr168,val_move,non_snow,True,True,assigned_to_val
imgR167.jpg,imgr167,val_move,non_snow,True,True,assigned_to_val
image1008.jpg,image1008,val_move,non_snow,True,True,assigned_to_val
image604.jpg,image604,val_move,non_snow,True,True,assigned_to_val
image731.jpg,image731,val_move,non_snow,True,True,assigned_to_val
image715.jpg,image715,val_move,non_snow,True,True,assigned_to_val
image526.jpg,image526,val_move,non_snow,True,True,assigned_to_val
image626.jpg,image626,val_move,non_snow,True,True,assigned_to_val
image612.jpg,image612,val_move,non_snow,True,True,assigned_to_val
image503.jpg,image503,val_move,non_snow,True,True,assigned_to_val
image757.jpg,image757,val_move,non_snow,True,True,assigned_to_val
image530.jpg,image530,val_move,non_snow,True,True,assigned_to_val
image555.jpg,image555,val_move,non_snow,True,True,assigned_to_val
image831.jpg,image831,val_move,non_snow,True,True,assigned_to_val
image705.jpg,image705,val_move,non_snow,True,True,assigned_to_val
image782.jpg,image782,val_move,non_snow,True,True,assigned_to_val
image777.jpg,image777,val_move,non_snow,True,True,assigned_to_val
image836.jpg,image836,val_move,non_snow,True,True,assigned_to_val
image746.jpg,image746,val_move,non_snow,True,True,assigned_to_val
image538.jpg,image538,val_move,non_snow,True,True,assigned_to_val
image513.jpg,image513,val_move,non_snow,True,True,assigned_to_val
imgR169.jpg,imgr169,val_move,non_snow,True,True,assigned_to_val
image548.jpg,image548,val_move,non_snow,True,True,assigned_to_val
imgR165.jpg,imgr165,val_move,non_snow,True,True,assigned_to_val
image628.jpg,image628,val_move,non_snow,True,True,assigned_to_val
image536.jpg,image536,val_move,non_snow,True,True,assigned_to_val
image773.jpg,image773,val_move,non_snow,True,True,assigned_to_val
image691.jpg,image691,val_move,non_snow,True,True,assigned_to_val
image564.jpg,image564,val_move,non_snow,True,True,assigned_to_val
image501.jpg,image501,val_move,non_snow,True,True,assigned_to_val
image998.jpg,image998,val_move,non_snow,True,True,assigned_to_val
imgR171.jpg,imgr171,val_move,non_snow,True,True,assigned_to_val
image710.jpg,image710,val_move,non_snow,True,True,assigned_to_val
image506.jpg,image506,val_move,non_snow,True,True,assigned_to_val
image720.jpg,image720,val_move,non_snow,True,True,assigned_to_val
image738.jpg,image738,val_move,non_snow,True,True,assigned_to_val
imgR163.jpg,imgr163,val_move,non_snow,True,True,assigned_to_val
image889.jpg,image889,val_move,non_snow,True,True,assigned_to_val
image713.jpg,image713,val_move,non_snow,True,True,assigned_to_val
image888.jpg,image888,val_move,non_snow,True,True,assigned_to_val
image721.jpg,image721,val_move,non_snow,True,True,assigned_to_val
image739.jpg,image739,val_move,non_snow,True,True,assigned_to_val
image535.jpg,image535,val_move,non_snow,True,True,assigned_to_val
image517.jpg,image517,val_move,non_snow,True,True,assigned_to_val
image566.jpg,image566,val_move,non_snow,True,True,assigned_to_val
image605.jpg,image605,val_move,non_snow,True,True,assigned_to_val
image762.jpg,image762,val_move,non_snow,True,True,assigned_to_val
image725.jpg,image725,val_move,non_snow,True,True,assigned_to_val
image795.jpg,image795,val_move,snow,True,True,assigned_to_val
image915.jpg,image915,val_move,snow,True,True,assigned_to_val
image919.jpg,image919,val_move,snow,True,True,assigned_to_val
image1007.jpg,image1007,val_move,snow,True,True,assigned_to_val
image913.jpg,image913,val_move,snow,True,True,assigned_to_val
image981.jpg,image981,val_move,snow,True,True,assigned_to_val
image907.jpg,image907,val_move,snow,True,True,assigned_to_val
image983.jpg,image983,val_move,snow,True,True,assigned_to_val
image910.jpg,image910,val_move,snow,True,True,assigned_to_val
image898.jpg,image898,val_move,snow,True,True,assigned_to_val
image993.jpg,image993,val_move,snow,True,True,assigned_to_val
image916.jpg,image916,val_move,snow,True,True,assigned_to_val
image975.jpg,image975,val_move,snow,True,True,assigned_to_val
image933.jpg,image933,val_move,snow,True,True,assigned_to_val
image936.jpg,image936,val_move,snow,True,True,assigned_to_val
image988.jpg,image988,val_move,snow,True,True,assigned_to_val
image519.jpg,image519,val_move,snow,True,True,assigned_to_val
image929.jpg,image929,val_move,snow,True,True,assigned_to_val
image558.jpg,image558,test_move,non_snow,True,True,assigned_to_test
image753.jpg,image753,test_move,non_snow,True,True,assigned_to_test
image930.jpg,image930,test_move,non_snow,True,True,assigned_to_test
image722.jpg,image722,test_move,non_snow,True,True,assigned_to_test
image760.jpg,image760,test_move,non_snow,True,True,assigned_to_test
image894.jpg,image894,test_move,non_snow,True,True,assigned_to_test
image617.jpg,image617,test_move,non_snow,True,True,assigned_to_test
image749.jpg,image749,test_move,non_snow,True,True,assigned_to_test
image537.jpg,image537,test_move,non_snow,True,True,assigned_to_test
image525.jpg,image525,test_move,non_snow,True,True,assigned_to_test
image609.jpg,image609,test_move,non_snow,True,True,assigned_to_test
image569.jpg,image569,test_move,non_snow,True,True,assigned_to_test
image624.jpg,image624,test_move,non_snow,True,True,assigned_to_test
imgR179.jpg,imgr179,test_move,non_snow,True,True,assigned_to_test
image752.jpg,image752,test_move,non_snow,True,True,assigned_to_test
image788.jpg,image788,test_move,non_snow,True,True,assigned_to_test
image724.jpg,image724,test_move,non_snow,True,True,assigned_to_test
image830.jpg,image830,test_move,non_snow,True,True,assigned_to_test
image714.jpg,image714,test_move,non_snow,True,True,assigned_to_test
image920.jpg,image920,test_move,non_snow,True,True,assigned_to_test
image892.jpg,image892,test_move,non_snow,True,True,assigned_to_test
image507.jpg,image507,test_move,non_snow,True,True,assigned_to_test
image611.jpg,image611,test_move,non_snow,True,True,assigned_to_test
image707.jpg,image707,test_move,non_snow,True,True,assigned_to_test
image504.jpg,image504,test_move,non_snow,True,True,assigned_to_test
image534.jpg,image534,test_move,non_snow,True,True,assigned_to_test
image755.jpg,image755,test_move,non_snow,True,True,assigned_to_test
image703.jpg,image703,test_move,non_snow,True,True,assigned_to_test
image706.jpg,image706,test_move,non_snow,True,True,assigned_to_test
image553.jpg,image553,test_move,non_snow,True,True,assigned_to_test
image832.jpg,image832,test_move,non_snow,True,True,assigned_to_test
image744.jpg,image744,test_move,non_snow,True,True,assigned_to_test
image873.jpg,image873,test_move,non_snow,True,True,assigned_to_test
image872.jpg,image872,test_move,non_snow,True,True,assigned_to_test
image732.jpg,image732,test_move,non_snow,True,True,assigned_to_test
image734.jpg,image734,test_move,non_snow,True,True,assigned_to_test
image893.jpg,image893,test_move,non_snow,True,True,assigned_to_test
image733.jpg,image733,test_move,non_snow,True,True,assigned_to_test
image871.jpg,image871,test_move,non_snow,True,True,assigned_to_test
image699.jpg,image699,test_move,non_snow,True,True,assigned_to_test
image869.jpg,image869,test_move,non_snow,True,True,assigned_to_test
imgR172.jpg,imgr172,test_move,non_snow,True,True,assigned_to_test
image834.jpg,image834,test_move,non_snow,True,True,assigned_to_test
image554.jpg,image554,test_move,non_snow,True,True,assigned_to_test
image523.jpg,image523,test_move,non_snow,True,True,assigned_to_test
image557.jpg,image557,test_move,non_snow,True,True,assigned_to_test
image616.jpg,image616,test_move,non_snow,True,True,assigned_to_test
image531.jpg,image531,test_move,non_snow,True,True,assigned_to_test
image729.jpg,image729,test_move,non_snow,True,True,assigned_to_test
image552.jpg,image552,test_move,non_snow,True,True,assigned_to_test
image728.jpg,image728,test_move,non_snow,True,True,assigned_to_test
image783.jpg,image783,test_move,non_snow,True,True,assigned_to_test
image1000.jpg,image1000,test_move,non_snow,True,True,assigned_to_test
image924.jpg,image924,test_move,non_snow,True,True,assigned_to_test
image754.jpg,image754,test_move,non_snow,True,True,assigned_to_test
image711.jpg,image711,test_move,non_snow,True,True,assigned_to_test
imgR176.jpg,imgr176,test_move,non_snow,True,True,assigned_to_test
image890.jpg,image890,test_move,non_snow,True,True,assigned_to_test
image627.jpg,image627,test_move,non_snow,True,True,assigned_to_test
image791.jpg,image791,test_move,non_snow,True,True,assigned_to_test
image770.jpg,image770,test_move,non_snow,True,True,assigned_to_test
image533.jpg,image533,test_move,non_snow,True,True,assigned_to_test
image1002.jpg,image1002,test_move,non_snow,True,True,assigned_to_test
imgR177.jpg,imgr177,test_move,non_snow,True,True,assigned_to_test
image603.jpg,image603,test_move,non_snow,True,True,assigned_to_test
image735.jpg,image735,test_move,non_snow,True,True,assigned_to_test
image719.jpg,image719,test_move,non_snow,True,True,assigned_to_test
imgR161.jpg,imgr161,test_move,non_snow,True,True,assigned_to_test
image698.jpg,image698,test_move,non_snow,True,True,assigned_to_test
image790.jpg,image790,test_move,non_snow,True,True,assigned_to_test
image708.jpg,image708,test_move,non_snow,True,True,assigned_to_test
image544.jpg,image544,test_move,non_snow,True,True,assigned_to_test
image543.jpg,image543,test_move,non_snow,True,True,assigned_to_test
image532.jpg,image532,test_move,non_snow,True,True,assigned_to_test
image512.jpg,image512,test_move,non_snow,True,True,assigned_to_test
image527.jpg,image527,test_move,non_snow,True,True,assigned_to_test
image726.jpg,image726,test_move,non_snow,True,True,assigned_to_test
image730.jpg,image730,test_move,non_snow,True,True,assigned_to_test
image897.jpg,image897,test_move,non_snow,True,True,assigned_to_test
image835.jpg,image835,test_move,non_snow,True,True,assigned_to_test
imgR180.jpg,imgr180,test_move,non_snow,True,True,assigned_to_test
image792.jpg,image792,test_move,non_snow,True,True,assigned_to_test
image768.jpg,image768,test_move,non_snow,True,True,assigned_to_test
image709.jpg,image709,test_move,non_snow,True,True,assigned_to_test
image750.jpg,image750,test_move,non_snow,True,True,assigned_to_test
image775.jpg,image775,test_move,non_snow,True,True,assigned_to_test
image737.jpg,image737,test_move,non_snow,True,True,assigned_to_test
image743.jpg,image743,test_move,non_snow,True,True,assigned_to_test
image602.jpg,image602,test_move,non_snow,True,True,assigned_to_test
image539.jpg,image539,test_move,non_snow,True,True,assigned_to_test
image606.jpg,image606,test_move,non_snow,True,True,assigned_to_test
image540.jpg,image540,test_move,non_snow,True,True,assigned_to_test
image717.jpg,image717,test_move,non_snow,True,True,assigned_to_test
image766.jpg,image766,test_move,non_snow,True,True,assigned_to_test
image701.jpg,image701,test_move,non_snow,True,True,assigned_to_test
image727.jpg,image727,test_move,non_snow,True,True,assigned_to_test
image769.jpg,image769,test_move,non_snow,True,True,assigned_to_test
image789.jpg,image789,test_move,non_snow,True,True,assigned_to_test
image886.jpg,image886,test_move,non_snow,True,True,assigned_to_test
image745.jpg,image745,test_move,non_snow,True,True,assigned_to_test
image563.jpg,image563,test_move,non_snow,True,True,assigned_to_test
image518.jpg,image518,test_move,non_snow,True,True,assigned_to_test
image896.jpg,image896,test_move,non_snow,True,True,assigned_to_test
image702.jpg,image702,test_move,non_snow,True,True,assigned_to_test
image620.jpg,image620,test_move,non_snow,True,True,assigned_to_test
image505.jpg,image505,test_move,non_snow,True,True,assigned_to_test
imgR162.jpg,imgr162,test_move,non_snow,True,True,assigned_to_test
image516.jpg,image516,test_move,non_snow,True,True,assigned_to_test
image623.jpg,image623,test_move,non_snow,True,True,assigned_to_test
image779.jpg,image779,test_move,non_snow,True,True,assigned_to_test
image565.jpg,image565,test_move,non_snow,True,True,assigned_to_test
image742.jpg,image742,test_move,non_snow,True,True,assigned_to_test
image780.jpg,image780,test_move,non_snow,True,True,assigned_to_test
image765.jpg,image765,test_move,non_snow,True,True,assigned_to_test
image608.jpg,image608,test_move,non_snow,True,True,assigned_to_test
image931.jpg,image931,test_move,non_snow,True,True,assigned_to_test
image718.jpg,image718,test_move,non_snow,True,True,assigned_to_test
image918.jpg,image918,test_move,non_snow,True,True,assigned_to_test
image601.jpg,image601,test_move,non_snow,True,True,assigned_to_test
image794.jpg,image794,test_move,non_snow,True,True,assigned_to_test
image736.jpg,image736,test_move,non_snow,True,True,assigned_to_test
image549.jpg,image549,test_move,non_snow,True,True,assigned_to_test
image994.jpg,image994,test_move,non_snow,True,True,assigned_to_test
image756.jpg,image756,test_move,non_snow,True,True,assigned_to_test
image521.jpg,image521,test_move,non_snow,True,True,assigned_to_test
image767.jpg,image767,test_move,non_snow,True,True,assigned_to_test
image778.jpg,image778,test_move,non_snow,True,True,assigned_to_test
image784.jpg,image784,test_move,non_snow,True,True,assigned_to_test
image607.jpg,image607,test_move,non_snow,True,True,assigned_to_test
image774.jpg,image774,test_move,non_snow,True,True,assigned_to_test
image562.jpg,image562,test_move,non_snow,True,True,assigned_to_test
image630.jpg,image630,test_move,non_snow,True,True,assigned_to_test
image694.jpg,image694,test_move,non_snow,True,True,assigned_to_test
image546.jpg,image546,test_move,non_snow,True,True,assigned_to_test
image693.jpg,image693,test_move,non_snow,True,True,assigned_to_test
image912.jpg,image912,test_move,non_snow,True,True,assigned_to_test
image764.jpg,image764,test_move,non_snow,True,True,assigned_to_test
image716.jpg,image716,test_move,non_snow,True,True,assigned_to_test
image610.jpg,image610,test_move,non_snow,True,True,assigned_to_test
image697.jpg,image697,test_move,non_snow,True,True,assigned_to_test
image529.jpg,image529,test_move,non_snow,True,True,assigned_to_test
image927.jpg,image927,test_move,non_snow,True,True,assigned_to_test
image568.jpg,image568,test_move,non_snow,True,True,assigned_to_test
image923.jpg,image923,test_move,non_snow,True,True,assigned_to_test
imgR178.jpg,imgr178,test_move,non_snow,True,True,assigned_to_test
image613.jpg,image613,test_move,non_snow,True,True,assigned_to_test
image870.jpg,image870,test_move,non_snow,True,True,assigned_to_test
image567.jpg,image567,test_move,non_snow,True,True,assigned_to_test
image772.jpg,image772,test_move,non_snow,True,True,assigned_to_test
image509.jpg,image509,test_move,non_snow,True,True,assigned_to_test
image520.jpg,image520,test_move,non_snow,True,True,assigned_to_test
image786.jpg,image786,test_move,non_snow,True,True,assigned_to_test
image556.jpg,image556,test_move,non_snow,True,True,assigned_to_test
image747.jpg,image747,test_move,non_snow,True,True,assigned_to_test
image692.jpg,image692,test_move,non_snow,True,True,assigned_to_test
image926.jpg,image926,test_move,non_snow,True,True,assigned_to_test
image997.jpg,image997,test_move,non_snow,True,True,assigned_to_test
image759.jpg,image759,test_move,non_snow,True,True,assigned_to_test
image761.jpg,image761,test_move,non_snow,True,True,assigned_to_test
image904.jpg,image904,test_move,non_snow,True,True,assigned_to_test
image614.jpg,image614,test_move,non_snow,True,True,assigned_to_test
image741.jpg,image741,test_move,non_snow,True,True,assigned_to_test
image524.jpg,image524,test_move,non_snow,True,True,assigned_to_test
image696.jpg,image696,test_move,non_snow,True,True,assigned_to_test
imgR170.jpg,imgr170,test_move,non_snow,True,True,assigned_to_test
image838.jpg,image838,test_move,snow,True,True,assigned_to_test
image925.jpg,image925,test_move,snow,True,True,assigned_to_test
image979.jpg,image979,test_move,snow,True,True,assigned_to_test
image1003.jpg,image1003,test_move,snow,True,True,assigned_to_test
image989.jpg,image989,test_move,snow,True,True,assigned_to_test
image909.jpg,image909,test_move,snow,True,True,assigned_to_test
image986.jpg,image986,test_move,snow,True,True,assigned_to_test
image996.jpg,image996,test_move,snow,True,True,assigned_to_test
image977.jpg,image977,test_move,snow,True,True,assigned_to_test
image992.jpg,image992,test_move,snow,True,True,assigned_to_test
image935.jpg,image935,test_move,snow,True,True,assigned_to_test
image911.jpg,image911,test_move,snow,True,True,assigned_to_test
image914.jpg,image914,test_move,snow,True,True,assigned_to_test
image899.jpg,image899,test_move,snow,True,True,assigned_to_test
image999.jpg,image999,test_move,snow,True,True,assigned_to_test
image974.jpg,image974,test_move,snow,True,True,assigned_to_test
image990.jpg,image990,test_move,snow,True,True,assigned_to_test
image900.jpg,image900,test_move,snow,True,True,assigned_to_test
image985.jpg,image985,test_move,snow,True,True,assigned_to_test
image995.jpg,image995,test_move,snow,True,True,assigned_to_test
image1006.jpg,image1006,test_move,snow,True,True,assigned_to_test
image928.jpg,image928,test_move,snow,True,True,assigned_to_test
image980.jpg,image980,test_move,snow,True,True,assigned_to_test
image763.jpg,image763,test_move,snow,True,True,assigned_to_test
image976.jpg,image976,test_move,snow,True,True,assigned_to_test
image987.jpg,image987,test_move,snow,True,True,assigned_to_test
image776.jpg,image776,test_move,snow,True,True,assigned_to_test
image787.jpg,image787,test_move,snow,True,True,assigned_to_test
image902.jpg,image902,test_move,snow,True,True,assigned_to_test
image906.jpg,image906,test_move,snow,True,True,assigned_to_test
image908.jpg,image908,test_move,snow,True,True,assigned_to_test
image991.jpg,image991,test_move,snow,True,True,assigned_to_test
image1005.jpg,image1005,test_move,snow,True,True,assigned_to_test
image785.jpg,image785,test_move,snow,True,True,assigned_to_test
image984.jpg,image984,test_move,snow,True,True,assigned_to_test
