source_image,object_name,environment,brightness_mean,saturation_mean,white_ratio
train1.jpg,train1_obj1,non_snow,35.763738,63.931903,0.000000
train10.jpg,train10_obj1,non_snow,111.391525,66.916940,0.146822
train100.jpg,train100_obj1,non_snow,101.333960,74.335565,0.022349
train101.jpg,train101_obj1,non_snow,44.450808,56.120446,0.000111
train102.jpg,train102_obj1,non_snow,83.967698,62.333258,0.083864
train103.jpg,train103_obj1,non_snow,141.462125,37.023958,0.249619
train104.jpg,train104_obj1,non_snow,96.553285,109.919078,0.008046
train105.jpg,train105_obj1,non_snow,47.441604,41.941058,0.000000
train106.jpg,train106_obj1,non_snow,109.851516,126.763122,0.007878
train107.jpg,train107_obj1,non_snow,147.012428,81.217439,0.001764
train108.jpg,train108_obj1,non_snow,89.698057,46.656971,0.008311
train109.jpg,train109_obj1,non_snow,64.637597,55.120920,0.034338
train11.jpg,train11_obj1,non_snow,139.295748,38.802157,0.313106
train110.jpg,train110_obj1,non_snow,77.922895,145.751343,0.001466
train111.jpg,train111_obj1,non_snow,121.265530,43.019051,0.152012
train112.jpg,train112_obj1,non_snow,133.398571,46.595151,0.133926
train113.jpg,train113_obj1,non_snow,48.450996,36.168386,0.000000
train114.jpg,train114_obj1,non_snow,49.049754,41.687007,0.003837
train115.jpg,train115_obj1,non_snow,41.285263,47.732985,0.000000
train116.jpg,train116_obj1,non_snow,66.682079,61.026870,0.030130
train117.jpg,train117_obj1,non_snow,83.189063,19.865011,0.092020
train118.jpg,train118_obj1,non_snow,88.681033,35.485532,0.075972
train119.jpg,train119_obj1,non_snow,105.767578,103.333443,0.028789
train12.jpg,train12_obj1,non_snow,162.402717,13.783525,0.395842
train120.jpg,train120_obj1,non_snow,125.784081,53.401877,0.057977
train121.jpg,train121_obj1,non_snow,112.412121,37.005291,0.063991
train122.jpg,train122_obj1,non_snow,105.686999,38.104997,0.145190
train123.jpg,train123_obj1,non_snow,44.887296,11.887015,0.001775
train124.jpg,train124_obj1,non_snow,76.076035,36.672221,0.013370
train125.jpg,train125_obj1,non_snow,59.367111,55.938759,0.004409
train126.jpg,train126_obj1,non_snow,104.716088,94.381032,0.054066
train127.jpg,train127_obj1,non_snow,79.771666,126.074162,0.029675
train128.jpg,train128_obj1,non_snow,85.102456,65.773165,0.017717
train129.jpg,train129_obj1,non_snow,67.327719,85.175446,0.000889
train13.jpg,train13_obj1,snow,185.256926,12.056505,0.683186
train130.jpg,train130_obj1,non_snow,92.407354,117.026333,0.029865
train131.jpg,train131_obj1,non_snow,86.970191,90.684594,0.008409
train132.jpg,train132_obj1,non_snow,70.844043,74.371210,0.002818
train133.jpg,train133_obj1,non_snow,48.852871,77.396786,0.009751
train134.jpg,train134_obj1,non_snow,114.004158,114.099792,0.062106
train135.jpg,train135_obj1,non_snow,73.522487,132.551022,0.000170
train136.jpg,train136_obj1,non_snow,89.652794,28.823896,0.019532
train137.jpg,train137_obj1,non_snow,86.584472,163.093971,0.014060
train138.jpg,train138_obj1,non_snow,53.908002,151.244182,0.001133
train139.jpg,train139_obj1,non_snow,77.167382,74.627901,0.005706
train14.jpg,train14_obj1,snow,183.486747,12.461327,0.652013
train140.jpg,train140_obj1,non_snow,62.537707,163.108509,0.001881
train141.jpg,train141_obj1,non_snow,78.276263,46.884071,0.072995
train142.jpg,train142_obj1,non_snow,117.822478,36.662436,0.048047
train143.jpg,train143_obj1,non_snow,64.134901,34.202463,0.032394
train144.jpg,train144_obj1,non_snow,80.347003,25.973740,0.031618
train145.jpg,train145_obj1,non_snow,72.232885,118.646313,0.002345
train146.jpg,train146_obj1,non_snow,81.138518,122.024356,0.005531
train147.jpg,train147_obj1,non_snow,76.971372,150.273139,0.000068
train148.jpg,train148_obj1,non_snow,84.286246,152.838666,0.000945
train149.jpg,train149_obj1,non_snow,96.962623,210.894889,0.000000
train15.jpg,train15_obj1,snow,186.832905,11.808071,0.706075
train150.jpg,train150_obj1,non_snow,94.903209,41.699443,0.020076
train151.jpg,train151_obj1,non_snow,65.378627,176.869190,0.003568
train152.jpg,train152_obj1,non_snow,58.600565,170.740490,0.000471
train153.jpg,train153_obj1,non_snow,103.054070,83.053652,0.050758
train154.jpg,train154_obj1,non_snow,101.880049,57.967280,0.024878
train155.jpg,train155_obj1,non_snow,70.870161,113.424999,0.000502
train156.jpg,train156_obj1,non_snow,105.887951,14.517280,0.072686
train157.jpg,train157_obj1,non_snow,73.631356,81.800380,0.005084
train158.jpg,train158_obj1,non_snow,98.543221,42.851755,0.027323
train159.jpg,train159_obj1,non_snow,61.636840,92.954720,0.000770
train16.jpg,train16_obj1,non_snow,106.848239,56.013556,0.040754
train160.jpg,train160_obj1,non_snow,139.955876,43.975881,0.271921
train161.jpg,train161_obj1,non_snow,88.791417,69.775528,0.091791
train162.jpg,train162_obj1,non_snow,71.734279,63.749630,0.024659
train163.jpg,train163_obj1,non_snow,77.585593,87.165359,0.003720
train164.jpg,train164_obj1,non_snow,104.763351,77.053621,0.026946
train165.jpg,train165_obj1,non_snow,97.254429,69.358845,0.001406
train166.jpg,train166_obj1,non_snow,85.525498,44.789305,0.004839
train167.jpg,train167_obj1,non_snow,59.410471,63.669424,0.029357
train168.jpg,train168_obj1,non_snow,52.691379,74.813550,0.000185
train169.jpg,train169_obj1,non_snow,95.493338,46.667328,0.011652
train17.jpg,train17_obj1,snow,177.607654,10.644230,0.515790
train170.jpg,train170_obj1,non_snow,80.228174,69.625027,0.002781
train171.jpg,train171_obj1,non_snow,110.486600,54.620690,0.051553
train172.jpg,train172_obj1,non_snow,81.013664,84.224894,0.002077
train173.jpg,train173_obj1,non_snow,95.508827,33.153682,0.061170
train174.jpg,train174_obj1,non_snow,118.862740,79.512724,0.079425
train175.jpg,train175_obj1,non_snow,88.227612,52.089550,0.038667
train176.jpg,train176_obj1,non_snow,129.176498,60.211276,0.066646
train177.jpg,train177_obj1,non_snow,87.780780,42.174675,0.013601
train178.jpg,train178_obj1,non_snow,61.315149,97.700510,0.001765
train179.jpg,train179_obj1,non_snow,74.210792,26.663809,0.025827
train18.jpg,train18_obj1,non_snow,151.345065,10.914563,0.242090
train180.jpg,train180_obj1,non_snow,38.640228,114.391226,0.001269
train181.jpg,train181_obj1,non_snow,101.817310,33.998765,0.054284
train182.jpg,train182_obj1,non_snow,79.825883,59.122060,0.015829
train183.jpg,train183_obj1,non_snow,114.137607,33.351282,0.132991
train184.jpg,train184_obj1,non_snow,110.086511,73.054705,0.096103
train185.jpg,train185_obj1,non_snow,112.677178,81.723820,0.089869
train186.jpg,train186_obj1,non_snow,126.932035,31.782944,0.186863
train187.jpg,train187_obj1,non_snow,75.886322,43.071034,0.008314
train188.jpg,train188_obj1,non_snow,59.009260,131.101441,0.000000
train189.jpg,train189_obj1,non_snow,73.517489,57.528948,0.008861
train19.jpg,train19_obj1,non_snow,156.705060,8.515724,0.330227
train190.jpg,train190_obj1,non_snow,103.062343,99.843377,0.015112
train191.jpg,train191_obj1,non_snow,55.912453,61.001786,0.008006
train192.jpg,train192_obj1,non_snow,96.912522,42.595235,0.005910
train193.jpg,train193_obj1,non_snow,80.545478,57.481519,0.002235
train194.jpg,train194_obj1,non_snow,74.288475,34.266360,0.008930
train195.jpg,train195_obj1,non_snow,93.284936,30.864269,0.062743
train196.jpg,train196_obj1,non_snow,132.897494,101.003750,0.007254
train197.jpg,train197_obj1,non_snow,130.123231,103.179278,0.006019
train198.jpg,train198_obj1,non_snow,67.178378,64.788507,0.006161
train199.jpg,train199_obj1,non_snow,58.896616,66.781687,0.002750
train2.jpg,train2_obj1,non_snow,99.887947,86.606425,0.008406
train20.jpg,train20_obj1,non_snow,156.462422,9.730573,0.310111
train200.jpg,train200_obj1,non_snow,95.559309,65.406950,0.048871
train201.jpg,train201_obj1,non_snow,82.593421,101.161125,0.004371
train202.jpg,train202_obj1,non_snow,88.995948,76.458482,0.025122
train203.jpg,train203_obj1,non_snow,86.086380,92.037975,0.005316
train204.jpg,train204_obj1,non_snow,105.223796,74.900613,0.027514
train205.jpg,train205_obj1,non_snow,105.265870,97.432001,0.028994
train206.jpg,train206_obj1,non_snow,108.734068,123.251372,0.011793
train207.jpg,train207_obj1,non_snow,52.070008,63.948910,0.008553
train208.jpg,train208_obj1,non_snow,90.386414,78.698849,0.011359
train209.jpg,train209_obj1,non_snow,76.555330,40.668293,0.002960
train21.jpg,train21_obj1,non_snow,58.492708,97.686644,0.021190
train210.jpg,train210_obj1,non_snow,79.151286,40.896880,0.006657
train211.jpg,train211_obj1,non_snow,85.427256,75.661237,0.053329
train212.jpg,train212_obj1,non_snow,114.486538,25.810032,0.113404
train213.jpg,train213_obj1,non_snow,61.919944,54.110380,0.004162
train214.jpg,train214_obj1,non_snow,74.990967,84.885522,0.007789
train215.jpg,train215_obj1,non_snow,78.706457,29.565267,0.045681
train216.jpg,train216_obj1,non_snow,62.803527,53.778085,0.030897
train217.jpg,train217_obj1,non_snow,73.074367,50.764870,0.000601
train218.jpg,train218_obj1,non_snow,114.577619,92.461997,0.036087
train219.jpg,train219_obj1,non_snow,78.777594,68.172900,0.001158
train22.jpg,train22_obj1,non_snow,118.244796,49.358348,0.053238
train220.jpg,train220_obj1,non_snow,91.153569,45.575510,0.013572
train221.jpg,train221_obj1,non_snow,106.233467,53.507921,0.109735
train222.jpg,train222_obj1,non_snow,68.031393,50.087953,0.007887
train223.jpg,train223_obj1,non_snow,66.616068,69.823858,0.000000
train224.jpg,train224_obj1,non_snow,84.912160,74.121310,0.004115
train225.jpg,train225_obj1,non_snow,69.529389,67.379193,0.000556
train226.jpg,train226_obj1,non_snow,97.360323,42.454422,0.092519
train227.jpg,train227_obj1,non_snow,44.136041,50.519122,0.008434
train228.jpg,train228_obj1,non_snow,138.006366,49.093128,0.308929
train229.jpg,train229_obj1,non_snow,148.120635,126.231439,0.000102
train23.jpg,train23_obj1,non_snow,89.783531,55.987596,0.056900
train230.jpg,train230_obj1,non_snow,135.110321,19.249208,0.253947
train231.jpg,train231_obj1,non_snow,92.689875,39.713052,0.055410
train232.jpg,train232_obj1,non_snow,73.500000,77.881517,0.004461
train233.jpg,train233_obj1,non_snow,87.370365,55.342912,0.000593
train234.jpg,train234_obj1,non_snow,92.520240,60.249277,0.000789
train235.jpg,train235_obj1,non_snow,100.982172,156.330155,0.056982
train236.jpg,train236_obj1,non_snow,104.334681,46.478098,0.018992
train237.jpg,train237_obj1,non_snow,87.670235,87.877504,0.002919
train238.jpg,train238_obj1,non_snow,99.528370,57.366339,0.008562
train239.jpg,train239_obj1,non_snow,121.452223,67.697965,0.076642
train24.jpg,train24_obj1,non_snow,38.497283,45.833650,0.003843
train240.jpg,train240_obj1,non_snow,83.810847,114.403008,0.001165
train241.jpg,train241_obj1,non_snow,67.359422,86.855299,0.005429
train242.jpg,train242_obj1,non_snow,130.013964,130.095317,0.004393
train243.jpg,train243_obj1,non_snow,110.257697,40.815758,0.040194
train244.jpg,train244_obj1,non_snow,45.375668,65.332943,0.000847
train245.jpg,train245_obj1,non_snow,57.010676,110.953807,0.005359
train246.jpg,train246_obj1,non_snow,83.729554,118.794330,0.000142
train247.jpg,train247_obj1,non_snow,74.481793,68.147034,0.006642
train248.jpg,train248_obj1,non_snow,78.278947,94.584188,0.002803
train249.jpg,train249_obj1,non_snow,96.189214,50.722010,0.032081
train25.jpg,train25_obj1,non_snow,84.698394,54.498470,0.037318
train250.jpg,train250_obj1,non_snow,69.604272,17.377228,0.000589
train251.jpg,train251_obj1,non_snow,102.802206,50.662354,0.035672
train252.jpg,train252_obj1,non_snow,117.029088,69.983997,0.037664
train253.jpg,train253_obj1,non_snow,193.418406,110.935484,0.117173
train254.jpg,train254_obj1,non_snow,122.285486,65.039656,0.172261
train255.jpg,train255_obj1,non_snow,113.154696,64.357365,0.110795
train256.jpg,train256_obj1,non_snow,67.334116,50.305967,0.003258
train257.jpg,train257_obj1,non_snow,143.036360,59.123013,0.092549
train258.jpg,train258_obj1,non_snow,130.817995,30.055979,0.178476
train259.jpg,train259_obj1,non_snow,69.740264,54.029708,0.001040
train26.jpg,train26_obj1,non_snow,109.067094,48.031862,0.028926
train260.jpg,train260_obj1,non_snow,79.071875,37.275389,0.019699
train261.jpg,train261_obj1,non_snow,129.842794,72.008109,0.028496
train262.jpg,train262_obj1,non_snow,123.930054,124.501943,0.035138
train263.jpg,train263_obj1,non_snow,120.089817,70.612854,0.082235
train264.jpg,train264_obj1,non_snow,107.100442,105.156412,0.018183
train265.jpg,train265_obj1,non_snow,54.264503,109.250815,0.002173
train266.jpg,train266_obj1,non_snow,70.092598,71.171354,0.003892
train267.jpg,train267_obj1,non_snow,127.014949,142.612390,0.007632
train268.jpg,train268_obj1,non_snow,89.993617,76.275846,0.006981
train269.jpg,train269_obj1,non_snow,76.910612,85.220354,0.005254
train27.jpg,train27_obj1,non_snow,54.264465,51.749439,0.006280
train270.jpg,train270_obj1,non_snow,104.907507,107.944892,0.020197
train271.jpg,train271_obj1,non_snow,77.117025,85.697272,0.004140
train272.jpg,train272_obj1,non_snow,102.027713,49.852074,0.043864
train273.jpg,train273_obj1,non_snow,147.930544,39.449918,0.296373
train274.jpg,train274_obj1,non_snow,130.206785,87.432973,0.079374
train275.jpg,train275_obj1,non_snow,108.634054,49.905019,0.049815
train276.jpg,train276_obj1,non_snow,70.650909,132.066175,0.002654
train277.jpg,train277_obj1,non_snow,66.063987,41.984885,0.013716
train278.jpg,train278_obj1,non_snow,68.332756,104.772677,0.014231
train279.jpg,train279_obj1,non_snow,113.248586,67.843118,0.019799
train28.jpg,train28_obj1,non_snow,67.309612,76.212860,0.002051
train280.jpg,train280_obj1,non_snow,75.594886,113.682515,0.001716
train281.jpg,train281_obj1,non_snow,85.151065,95.102987,0.001257
train282.jpg,train282_obj1,non_snow,136.875055,95.625823,0.025838
train283.jpg,train283_obj1,non_snow,109.190880,109.382975,0.029111
train284.jpg,train284_obj1,non_snow,63.878109,61.571482,0.014574
train285.jpg,train285_obj1,non_snow,80.055284,83.602957,0.023136
train286.jpg,train286_obj1,non_snow,90.806509,54.020242,0.013296
train287.jpg,train287_obj1,non_snow,147.453704,39.326548,0.290610
train288.jpg,train288_obj1,non_snow,89.810839,39.883956,0.013290
train289.jpg,train289_obj1,non_snow,91.315038,83.922206,0.014097
train29.jpg,train29_obj1,non_snow,53.922283,53.089355,0.006993
train290.jpg,train290_obj1,snow,210.394060,32.104431,0.629603
train291.jpg,train291_obj1,non_snow,78.648297,56.802761,0.018558
train292.jpg,train292_obj1,non_snow,126.821936,136.467520,0.000093
train293.jpg,train293_obj1,non_snow,76.750806,66.338902,0.020881
train294.jpg,train294_obj1,non_snow,155.522781,0.000000,0.494904
train295.jpg,train295_obj1,non_snow,136.511765,81.874583,0.091013
train296.jpg,train296_obj1,non_snow,119.535441,67.454350,0.189300
train297.jpg,train297_obj1,non_snow,96.228872,51.242134,0.004160
train298.jpg,train298_obj1,non_snow,131.444074,74.329003,0.020117
train299.jpg,train299_obj1,non_snow,91.554171,56.066921,0.003000
train3.jpg,train3_obj1,non_snow,99.473053,56.731544,0.045686
train30.jpg,train30_obj1,non_snow,59.194139,49.493618,0.006676
train300.jpg,train300_obj1,non_snow,69.821306,71.895608,0.025517
train301.jpg,train301_obj1,non_snow,101.852857,45.257539,0.050342
train302.jpg,train302_obj1,non_snow,137.919684,33.988021,0.267356
train303.jpg,train303_obj1,non_snow,62.463655,80.385361,0.009397
train304.jpg,train304_obj1,non_snow,93.642108,57.497291,0.049469
train305.jpg,train305_obj1,non_snow,56.704123,158.706385,0.004776
train306.jpg,train306_obj1,non_snow,92.485690,128.351625,0.007562
train307.jpg,train307_obj1,non_snow,81.266033,49.116282,0.021971
train308.jpg,train308_obj1,non_snow,85.617333,68.329429,0.022368
train309.jpg,train309_obj1,non_snow,87.455579,106.635152,0.000855
train31.jpg,train31_obj1,non_snow,85.106739,51.764579,0.023898
train310.jpg,train310_obj1,non_snow,64.734321,62.564731,0.002919
train311.jpg,train311_obj1,non_snow,104.519903,60.366677,0.067535
train312.jpg,train312_obj1,non_snow,61.647226,59.163113,0.000195
train313.jpg,train313_obj1,non_snow,51.897414,25.720037,0.000312
train314.jpg,train314_obj1,non_snow,106.107687,48.314699,0.025955
train315.jpg,train315_obj1,non_snow,70.860983,56.883506,0.015719
train316.jpg,train316_obj1,non_snow,110.034491,106.510524,0.007702
train317.jpg,train317_obj1,non_snow,114.267846,87.812719,0.022589
train318.jpg,train318_obj1,non_snow,113.162890,62.610008,0.071201
train319.jpg,train319_obj1,non_snow,50.752293,46.220192,0.001278
train32.jpg,train32_obj1,non_snow,22.471241,51.418881,0.000456
train320.jpg,train320_obj1,non_snow,95.693908,49.510509,0.009298
train321.jpg,train321_obj1,non_snow,65.318235,84.614052,0.000510
train322.jpg,train322_obj1,non_snow,122.459862,53.795393,0.091700
train323.jpg,train323_obj1,non_snow,96.596394,99.179008,0.006010
train324.jpg,train324_obj1,non_snow,55.305886,96.472677,0.000416
train325.jpg,train325_obj1,non_snow,67.158950,69.869932,0.000000
train326.jpg,train326_obj1,non_snow,94.708771,36.586705,0.033894
train327.jpg,train327_obj1,non_snow,126.390942,98.360342,0.004482
train328.jpg,train328_obj1,non_snow,82.608593,56.806461,0.012840
train329.jpg,train329_obj1,non_snow,78.617991,62.029193,0.003718
train33.jpg,train33_obj1,non_snow,55.240543,50.984562,0.006950
train330.jpg,train330_obj1,non_snow,60.834390,65.459627,0.016510
train331.jpg,train331_obj1,non_snow,91.039552,91.143375,0.010125
train332.jpg,train332_obj1,non_snow,92.076207,164.660293,0.000000
train333.jpg,train333_obj1,non_snow,71.459724,66.609810,0.008977
train334.jpg,train334_obj1,non_snow,93.634818,117.096446,0.000180
train335.jpg,train335_obj1,non_snow,67.515163,71.220713,0.004772
train336.jpg,train336_obj1,non_snow,79.843108,73.996242,0.003059
train337.jpg,train337_obj1,non_snow,81.129741,87.622293,0.011576
train338.jpg,train338_obj1,non_snow,95.265052,91.347346,0.002227
train339.jpg,train339_obj1,non_snow,92.018804,82.076675,0.000730
train34.jpg,train34_obj1,non_snow,63.178659,43.918633,0.010961
train340.jpg,train340_obj1,non_snow,83.603616,73.588396,0.040003
train341.jpg,train341_obj1,non_snow,101.068372,45.618488,0.006163
train342.jpg,train342_obj1,non_snow,97.646724,60.351553,0.080314
train343.jpg,train343_obj1,non_snow,121.632583,57.248004,0.139635
train344.jpg,train344_obj1,non_snow,68.675682,67.118877,0.002812
train345.jpg,train345_obj1,non_snow,84.917243,42.987327,0.001046
train346.jpg,train346_obj1,non_snow,56.804431,77.790753,0.000000
train347.jpg,train347_obj1,non_snow,82.715017,67.470418,0.028283
train348.jpg,train348_obj1,non_snow,96.475312,72.690976,0.041498
train349.jpg,train349_obj1,non_snow,70.740576,128.983455,0.000054
train35.jpg,train35_obj1,non_snow,75.330445,48.696609,0.015615
train350.jpg,train350_obj1,non_snow,125.143604,58.928099,0.032400
train351.jpg,train351_obj1,non_snow,79.991951,42.748115,0.001779
train352.jpg,train352_obj1,non_snow,94.285404,92.077827,0.000294
train353.jpg,train353_obj1,non_snow,55.599301,52.223513,0.001420
train354.jpg,train354_obj1,non_snow,103.958788,57.871244,0.044642
train355.jpg,train355_obj1,non_snow,87.251931,50.147120,0.008446
train356.jpg,train356_obj1,non_snow,87.276447,81.080231,0.027604
train357.jpg,train357_obj1,non_snow,139.181222,73.147279,0.036187
train358.jpg,train358_obj1,non_snow,74.835877,38.159846,0.002432
train359.jpg,train359_obj1,non_snow,90.115731,45.384379,0.001207
train36.jpg,train36_obj1,non_snow,76.376750,30.022497,0.008400
train360.jpg,train360_obj1,non_snow,89.223638,136.612510,0.011884
train361.jpg,train361_obj1,non_snow,125.711821,48.082726,0.060490
train362.jpg,train362_obj1,non_snow,59.343204,45.168415,0.009870
train363.jpg,train363_obj1,non_snow,85.135483,47.726940,0.005888
train364.jpg,train364_obj1,non_snow,105.730639,33.728078,0.028514
train365.jpg,train365_obj1,non_snow,80.263638,41.768495,0.000598
train366.jpg,train366_obj1,non_snow,148.792441,88.429012,0.030405
train367.jpg,train367_obj1,non_snow,95.007574,59.431432,0.034857
train368.jpg,train368_obj1,non_snow,72.766747,57.749625,0.000000
train369.jpg,train369_obj1,non_snow,105.643620,43.600493,0.021276
train37.jpg,train37_obj1,non_snow,73.580669,33.830060,0.010329
train370.jpg,train370_obj1,non_snow,65.253775,84.267398,0.000222
train371.jpg,train371_obj1,non_snow,94.175065,44.685640,0.012815
train372.jpg,train372_obj1,non_snow,97.822255,70.727831,0.018885
train373.jpg,train373_obj1,non_snow,81.362917,34.609401,0.027779
train374.jpg,train374_obj1,non_snow,56.774932,0.000000,0.000000
train375.jpg,train375_obj1,non_snow,103.557732,52.102439,0.042160
train376.jpg,train376_obj1,non_snow,72.174099,69.167752,0.012805
train377.jpg,train377_obj1,non_snow,80.864205,49.181004,0.004310
train378.jpg,train378_obj1,non_snow,70.952300,66.083765,0.011911
train379.jpg,train379_obj1,non_snow,62.463426,52.084978,0.000000
train38.jpg,train38_obj1,non_snow,35.319091,60.149294,0.001519
train380.jpg,train380_obj1,non_snow,92.582499,50.173939,0.044808
train381.jpg,train381_obj1,non_snow,71.925404,65.058559,0.006257
train382.jpg,train382_obj1,non_snow,97.573700,64.763068,0.007895
train383.jpg,train383_obj1,non_snow,94.009753,138.459288,0.000624
train384.jpg,train384_obj1,non_snow,83.571562,43.942425,0.004683
train385.jpg,train385_obj1,non_snow,85.981224,64.898202,0.009162
train386.jpg,train386_obj1,non_snow,121.038727,59.653476,0.106458
train387.jpg,train387_obj1,non_snow,81.424311,61.016360,0.001654
train388.jpg,train388_obj1,non_snow,58.707052,155.627910,0.000000
train389.jpg,train389_obj1,non_snow,76.377815,71.090891,0.005731
train39.jpg,train39_obj1,non_snow,115.909073,38.733777,0.074663
train390.jpg,train390_obj1,non_snow,72.678721,66.237902,0.006776
train391.jpg,train391_obj1,non_snow,84.485137,86.182960,0.023312
train392.jpg,train392_obj1,non_snow,80.412492,67.087988,0.007244
train393.jpg,train393_obj1,non_snow,85.378425,48.933977,0.043082
train394.jpg,train394_obj1,non_snow,70.866223,86.332066,0.032059
train395.jpg,train395_obj1,non_snow,97.955410,34.128860,0.020551
train396.jpg,train396_obj1,non_snow,51.258207,30.484746,0.001293
train397.jpg,train397_obj1,non_snow,116.696740,90.760105,0.014962
train398.jpg,train398_obj1,non_snow,80.371027,138.560719,0.017534
train399.jpg,train399_obj1,non_snow,130.980072,24.270228,0.198266
train4.jpg,train4_obj1,non_snow,64.376518,101.282321,0.003239
train40.jpg,train40_obj1,non_snow,84.068066,32.990504,0.039421
train400.jpg,train400_obj1,non_snow,79.635184,83.964434,0.010394
train401.jpg,train401_obj1,non_snow,61.761221,44.534664,0.003789
train402.jpg,train402_obj1,non_snow,141.958004,66.805211,0.069861
train403.jpg,train403_obj1,non_snow,52.771137,39.496938,0.001690
train404.jpg,train404_obj1,non_snow,96.926649,43.381052,0.013678
train405.jpg,train405_obj1,non_snow,135.204541,97.314412,0.029248
train406.jpg,train406_obj1,non_snow,45.971528,58.921487,0.000173
train407.jpg,train407_obj1,non_snow,129.764117,58.976314,0.088595
train408.jpg,train408_obj1,non_snow,84.114961,74.766494,0.012301
train409.jpg,train409_obj1,non_snow,106.067979,38.001305,0.031437
train41.jpg,train41_obj1,non_snow,78.894514,36.093459,0.012027
train410.jpg,train410_obj1,non_snow,82.472404,49.808147,0.001409
train411.jpg,train411_obj1,non_snow,81.374933,51.360672,0.004355
train412.jpg,train412_obj1,non_snow,80.600067,50.697641,0.010809
train413.jpg,train413_obj1,non_snow,92.024986,31.551440,0.037138
train414.jpg,train414_obj1,non_snow,81.177353,90.166913,0.006731
train415.jpg,train415_obj1,non_snow,102.347535,56.898773,0.033529
train416.jpg,train416_obj1,non_snow,79.635729,109.610343,0.022183
train417.jpg,train417_obj1,non_snow,83.804863,76.406103,0.011608
train418.jpg,train418_obj1,non_snow,65.692967,104.667028,0.003780
train419.jpg,train419_obj1,non_snow,112.451642,38.588474,0.091565
train42.jpg,train42_obj1,non_snow,40.962609,58.474969,0.000870
train420.jpg,train420_obj1,non_snow,132.845122,41.882770,0.148058
train421.jpg,train421_obj1,non_snow,58.792144,97.895375,0.007698
train422.jpg,train422_obj1,non_snow,62.455574,65.873114,0.002772
train423.jpg,train423_obj1,non_snow,82.973524,93.676312,0.001914
train424.jpg,train424_obj1,non_snow,104.816261,32.668637,0.017385
train425.jpg,train425_obj1,non_snow,43.628577,112.478825,0.001526
train426.jpg,train426_obj1,non_snow,85.802859,48.035971,0.029898
train427.jpg,train427_obj1,non_snow,75.214459,144.971431,0.001596
train428.jpg,train428_obj1,non_snow,156.813534,59.596179,0.282154
train429.jpg,train429_obj1,non_snow,93.047022,24.583795,0.009570
train43.jpg,train43_obj1,non_snow,40.928991,58.730575,0.000751
train430.jpg,train430_obj1,non_snow,122.145538,41.782607,0.022732
train431.jpg,train431_obj1,non_snow,61.322239,49.526991,0.007493
train432.jpg,train432_obj1,non_snow,59.807736,58.624193,0.000323
train433.jpg,train433_obj1,non_snow,133.367555,66.822482,0.127707
train434.jpg,train434_obj1,non_snow,123.676148,108.828400,0.014156
train435.jpg,train435_obj1,non_snow,82.260630,77.091886,0.029107
train436.jpg,train436_obj1,non_snow,79.272961,57.744402,0.012871
train437.jpg,train437_obj1,non_snow,150.977029,80.705158,0.204982
train438.jpg,train438_obj1,non_snow,66.800141,51.194843,0.001547
train439.jpg,train439_obj1,non_snow,80.108763,42.460698,0.016715
train44.jpg,train44_obj1,non_snow,97.134852,93.292074,0.013863
train440.jpg,train440_obj1,non_snow,63.110990,55.363907,0.000572
train441.jpg,train441_obj1,non_snow,56.611172,74.643567,0.011611
train442.jpg,train442_obj1,non_snow,118.779634,66.569715,0.033878
train443.jpg,train443_obj1,non_snow,86.716923,81.619429,0.007647
train444.jpg,train444_obj1,non_snow,101.201187,70.316211,0.030943
train445.jpg,train445_obj1,non_snow,99.469901,26.462663,0.028092
train446.jpg,train446_obj1,non_snow,103.887059,39.875744,0.015284
train447.jpg,train447_obj1,non_snow,67.211525,32.999671,0.005385
train448.jpg,train448_obj1,non_snow,57.365867,53.556855,0.004145
train449.jpg,train449_obj1,non_snow,86.248421,61.632207,0.013444
train45.jpg,train45_obj1,non_snow,38.657178,59.868392,0.001602
train450.jpg,train450_obj1,non_snow,133.888181,82.928808,0.003439
train451.jpg,train451_obj1,non_snow,130.239763,78.394739,0.103301
train452.jpg,train452_obj1,non_snow,96.731803,57.119847,0.009613
train453.jpg,train453_obj1,non_snow,96.975750,103.028534,0.004613
train454.jpg,train454_obj1,non_snow,71.690389,86.145949,0.019534
train455.jpg,train455_obj1,non_snow,112.656607,73.975598,0.032418
train456.jpg,train456_obj1,non_snow,64.856458,43.182915,0.001939
train457.jpg,train457_obj1,non_snow,116.041838,76.795322,0.017220
train458.jpg,train458_obj1,non_snow,37.503181,74.707624,0.000097
train459.jpg,train459_obj1,non_snow,95.706337,49.674461,0.073954
train46.jpg,train46_obj1,non_snow,42.779212,59.552517,0.003276
train460.jpg,train460_obj1,non_snow,79.728693,39.252319,0.022113
train461.jpg,train461_obj1,non_snow,81.398435,191.279490,0.000750
train462.jpg,train462_obj1,non_snow,80.044835,42.887838,0.010613
train463.jpg,train463_obj1,non_snow,62.915122,75.865216,0.007521
train464.jpg,train464_obj1,non_snow,106.281908,109.946664,0.005054
train465.jpg,train465_obj1,non_snow,87.418447,107.846184,0.001190
train466.jpg,train466_obj1,non_snow,83.120170,56.792263,0.061778
train467.jpg,train467_obj1,non_snow,103.534502,61.572548,0.066719
train468.jpg,train468_obj1,non_snow,116.793653,53.896285,0.078328
train469.jpg,train469_obj1,non_snow,80.489217,80.851783,0.011169
train47.jpg,train47_obj1,non_snow,43.133877,61.921773,0.005562
train470.jpg,train470_obj1,non_snow,73.908461,47.201223,0.001516
train471.jpg,train471_obj1,non_snow,105.899600,76.292824,0.013461
train472.jpg,train472_obj1,non_snow,75.132852,40.311953,0.003622
train473.jpg,train473_obj1,non_snow,61.307431,102.270790,0.007205
train474.jpg,train474_obj1,non_snow,127.121440,98.660998,0.003951
train475.jpg,train475_obj1,non_snow,63.117273,46.620062,0.001691
train476.jpg,train476_obj1,non_snow,48.969664,34.487148,0.001003
train477.jpg,train477_obj1,non_snow,73.416933,57.460897,0.003382
train478.jpg,train478_obj1,non_snow,100.981918,45.710688,0.037633
train479.jpg,train479_obj1,non_snow,114.343596,46.428898,0.098209
train48.jpg,train48_obj1,non_snow,95.433659,152.415068,0.000217
train480.jpg,train480_obj1,non_snow,81.980348,50.783761,0.003379
train481.jpg,train481_obj1,non_snow,82.030871,40.391038,0.006203
train482.jpg,train482_obj1,non_snow,78.526748,46.147210,0.029195
train483.jpg,train483_obj1,non_snow,80.891389,40.098031,0.001679
train484.jpg,train484_obj1,non_snow,44.998326,56.448609,0.000444
train485.jpg,train485_obj1,non_snow,119.209374,24.743414,0.060896
train486.jpg,train486_obj1,non_snow,77.209851,35.609826,0.033655
train487.jpg,train487_obj1,non_snow,143.367377,82.943462,0.001577
train488.jpg,train488_obj1,non_snow,84.076260,138.743395,0.028685
train489.jpg,train489_obj1,non_snow,125.257243,95.668162,0.062532
train49.jpg,train49_obj1,non_snow,107.830288,162.668342,0.001803
train490.jpg,train490_obj1,non_snow,107.344948,63.995615,0.016880
train491.jpg,train491_obj1,non_snow,86.569873,87.400612,0.008080
train492.jpg,train492_obj1,non_snow,75.706242,83.477678,0.003680
train493.jpg,train493_obj1,non_snow,118.104708,49.652779,0.200164
train494.jpg,train494_obj1,non_snow,119.685661,72.905472,0.200525
train495.jpg,train495_obj1,non_snow,91.825462,59.198773,0.071190
train496.jpg,train496_obj1,non_snow,123.810180,92.318099,0.042485
train497.jpg,train497_obj1,non_snow,133.375408,65.404425,0.225245
train498.jpg,train498_obj1,non_snow,101.544201,158.870319,0.000000
train499.jpg,train499_obj1,non_snow,79.852983,85.373576,0.037871
train5.jpg,train5_obj1,non_snow,182.750067,44.231435,0.338169
train50.jpg,train50_obj1,non_snow,68.967082,95.214191,0.000139
train500.jpg,train500_obj1,non_snow,135.811817,50.144979,0.120114
train501.jpg,train501_obj1,non_snow,137.234979,188.690388,0.000341
train502.jpg,train502_obj1,non_snow,66.454154,96.975610,0.019164
train503.jpg,train503_obj1,non_snow,88.431916,130.397647,0.003672
train504.jpg,train504_obj1,non_snow,129.127600,70.960372,0.134282
train505.jpg,train505_obj1,non_snow,120.499063,64.971933,0.099717
train506.jpg,train506_obj1,non_snow,103.567744,61.229025,0.107808
train507.jpg,train507_obj1,non_snow,125.448003,86.744718,0.019305
train508.jpg,train508_obj1,non_snow,155.616180,85.925531,0.030483
train509.jpg,train509_obj1,non_snow,119.435129,83.136607,0.021117
train51.jpg,train51_obj1,non_snow,124.240878,160.153853,0.000045
train510.jpg,train510_obj1,non_snow,91.821978,100.919370,0.007697
train511.jpg,train511_obj1,non_snow,106.498884,48.936109,0.006367
train512.jpg,train512_obj1,non_snow,71.955051,63.102525,0.009058
train513.jpg,train513_obj1,non_snow,115.607416,69.467726,0.033814
train514.jpg,train514_obj1,non_snow,150.493445,28.859778,0.417766
train515.jpg,train515_obj1,non_snow,107.591553,62.536657,0.012723
train516.jpg,train516_obj1,non_snow,82.092853,66.071779,0.033312
train517.jpg,train517_obj1,non_snow,93.283902,60.374570,0.003383
train518.jpg,train518_obj1,non_snow,98.921045,21.602346,0.030275
train519.jpg,train519_obj1,non_snow,125.786027,118.542015,0.000380
train52.jpg,train52_obj1,non_snow,71.278643,168.675908,0.000061
train520.jpg,train520_obj1,non_snow,135.077196,42.162629,0.237678
train521.jpg,train521_obj1,non_snow,102.723173,100.437037,0.002294
train522.jpg,train522_obj1,non_snow,109.704884,59.133202,0.033137
train523.jpg,train523_obj1,non_snow,106.722977,127.739621,0.014026
train524.jpg,train524_obj1,non_snow,91.496226,108.957588,0.000149
train525.jpg,train525_obj1,non_snow,121.111357,48.357068,0.152155
train526.jpg,train526_obj1,non_snow,137.956315,57.314261,0.149603
train527.jpg,train527_obj1,non_snow,86.214028,70.278812,0.006693
train528.jpg,train528_obj1,non_snow,105.082850,104.149379,0.005383
train529.jpg,train529_obj1,non_snow,105.368664,70.575399,0.020933
train53.jpg,train53_obj1,non_snow,69.506990,165.099221,0.004206
train530.jpg,train530_obj1,non_snow,46.515542,123.175934,0.003705
train531.jpg,train531_obj1,non_snow,73.319016,80.554035,0.017939
train532.jpg,train532_obj1,non_snow,121.402196,111.748345,0.002154
train533.jpg,train533_obj1,non_snow,133.785710,83.785988,0.026300
train534.jpg,train534_obj1,non_snow,126.009952,50.615911,0.030603
train535.jpg,train535_obj1,non_snow,118.669491,127.275789,0.003637
train536.jpg,train536_obj1,non_snow,130.646576,82.624820,0.094342
train537.jpg,train537_obj1,non_snow,131.411307,85.079250,0.099273
train538.jpg,train538_obj1,non_snow,83.535455,70.985012,0.006238
train539.jpg,train539_obj1,non_snow,103.460205,34.706996,0.049731
train54.jpg,train54_obj1,non_snow,117.250307,150.111359,0.000157
train540.jpg,train540_obj1,non_snow,105.936346,56.454107,0.021325
train541.jpg,train541_obj1,non_snow,100.071898,135.935125,0.000958
train542.jpg,train542_obj1,non_snow,69.716701,84.660069,0.006415
train543.jpg,train543_obj1,non_snow,81.767359,0.000000,0.020816
train544.jpg,train544_obj1,non_snow,78.465836,0.000000,0.035453
train545.jpg,train545_obj1,non_snow,99.873897,82.012393,0.010013
train546.jpg,train546_obj1,non_snow,121.399729,121.678793,0.000170
train547.jpg,train547_obj1,non_snow,160.387641,95.421322,0.035510
train548.jpg,train548_obj1,non_snow,116.144956,100.168668,0.005877
train549.jpg,train549_obj1,non_snow,82.954903,57.579676,0.014629
train55.jpg,train55_obj1,non_snow,114.662793,142.674568,0.000000
train550.jpg,train550_obj1,non_snow,130.874926,127.006010,0.011216
train551.jpg,train551_obj1,non_snow,143.249829,131.719478,0.001905
train552.jpg,train552_obj1,non_snow,114.631977,121.436364,0.002147
train553.jpg,train553_obj1,non_snow,131.248036,133.022324,0.000026
train554.jpg,train554_obj1,non_snow,146.338889,64.571101,0.137951
train555.jpg,train555_obj1,non_snow,90.526728,114.451457,0.028441
train556.jpg,train556_obj1,non_snow,137.882731,154.405069,0.000034
train557.jpg,train557_obj1,non_snow,111.732515,11.688822,0.133481
train558.jpg,train558_obj1,non_snow,123.769661,111.273860,0.022844
train559.jpg,train559_obj1,non_snow,112.674619,132.767904,0.003459
train56.jpg,train56_obj1,non_snow,81.619701,36.057302,0.059893
train560.jpg,train560_obj1,non_snow,56.011955,108.587243,0.000450
train561.jpg,train561_obj1,non_snow,97.736501,105.960930,0.000833
train562.jpg,train562_obj1,non_snow,98.594448,111.463937,0.008469
train563.jpg,train563_obj1,non_snow,100.435264,141.314406,0.001646
train564.jpg,train564_obj1,non_snow,133.027443,113.034114,0.007073
train565.jpg,train565_obj1,non_snow,84.867167,44.727856,0.007097
train566.jpg,train566_obj1,non_snow,122.492668,75.889323,0.117468
train567.jpg,train567_obj1,non_snow,99.532071,96.379958,0.001415
train568.jpg,train568_obj1,non_snow,87.219661,133.571693,0.001511
train569.jpg,train569_obj1,non_snow,86.570425,50.584632,0.010853
train57.jpg,train57_obj1,non_snow,125.688060,149.350062,0.000200
train570.jpg,train570_obj1,non_snow,91.516133,88.318340,0.053719
train571.jpg,train571_obj1,non_snow,123.612450,52.007969,0.068065
train572.jpg,train572_obj1,non_snow,97.117791,64.353064,0.063556
train573.jpg,train573_obj1,non_snow,70.496290,99.876376,0.000598
train574.jpg,train574_obj1,non_snow,104.239126,36.678482,0.092843
train575.jpg,train575_obj1,non_snow,97.156727,59.530094,0.033634
train576.jpg,train576_obj1,non_snow,72.838826,52.636281,0.000628
train577.jpg,train577_obj1,non_snow,108.841570,96.378310,0.007252
train578.jpg,train578_obj1,non_snow,70.672632,67.489048,0.002214
train579.jpg,train579_obj1,non_snow,75.492501,75.203857,0.003194
train58.jpg,train58_obj1,non_snow,122.904478,140.634155,0.000110
train580.jpg,train580_obj1,non_snow,131.207332,39.693018,0.219163
train581.jpg,train581_obj1,non_snow,113.994609,59.350623,0.083101
train582.jpg,train582_obj1,non_snow,125.032168,53.321615,0.158848
train583.jpg,train583_obj1,non_snow,88.260699,119.376081,0.003252
train584.jpg,train584_obj1,snow,177.890389,37.263416,0.579855
train585.jpg,train585_obj1,snow,168.649813,40.600463,0.500717
train586.jpg,train586_obj1,non_snow,161.989816,42.873322,0.450702
train587.jpg,train587_obj1,non_snow,148.593160,110.663092,0.001124
train588.jpg,train588_obj1,non_snow,52.274934,64.429517,0.000094
train589.jpg,train589_obj1,non_snow,108.091623,76.125066,0.020636
train59.jpg,train59_obj1,non_snow,87.672829,150.717360,0.000795
train590.jpg,train590_obj1,non_snow,135.755291,11.514156,0.025929
train591.jpg,train591_obj1,non_snow,150.537577,45.209587,0.345633
train592.jpg,train592_obj1,non_snow,132.353615,52.880850,0.220474
train593.jpg,train593_obj1,non_snow,146.482965,135.083983,0.001314
train594.jpg,train594_obj1,non_snow,118.469380,54.628854,0.041419
train595.jpg,train595_obj1,non_snow,100.526128,70.111587,0.028233
train596.jpg,train596_obj1,non_snow,146.273538,101.336815,0.014028
train597.jpg,train597_obj1,non_snow,96.802663,41.810355,0.030178
train598.jpg,train598_obj1,non_snow,93.109670,40.841167,0.011705
train599.jpg,train599_obj1,non_snow,104.316136,37.634285,0.010245
train6.jpg,train6_obj1,non_snow,148.296771,52.188574,0.364729
train60.jpg,train60_obj1,non_snow,99.710600,142.813347,0.000278
train600.jpg,train600_obj1,non_snow,99.324514,53.041736,0.063793
train601.jpg,train601_obj1,non_snow,97.127139,40.803470,0.010456
train602.jpg,train602_obj1,non_snow,94.882580,43.329383,0.014609
train603.jpg,train603_obj1,non_snow,122.395796,32.568109,0.086778
train604.jpg,train604_obj1,non_snow,168.654296,106.803057,0.034973
train605.jpg,train605_obj1,non_snow,82.251132,47.042778,0.011575
train606.jpg,train606_obj1,non_snow,155.893870,44.903065,0.339176
train607.jpg,train607_obj1,non_snow,160.690900,40.424508,0.365902
train608.jpg,train608_obj1,non_snow,99.152256,114.683648,0.008371
train609.jpg,train609_obj1,non_snow,148.438763,47.428310,0.286324
train61.jpg,train61_obj1,non_snow,32.075384,163.171273,0.000000
train610.jpg,train610_obj1,non_snow,134.547267,53.737184,0.179099
train611.jpg,train611_obj1,non_snow,53.362498,46.432469,0.004351
train612.jpg,train612_obj1,non_snow,133.987823,57.174597,0.171600
train613.jpg,train613_obj1,non_snow,156.668738,45.559352,0.350122
train614.jpg,train614_obj1,non_snow,138.100329,44.792753,0.181009
train615.jpg,train615_obj1,non_snow,127.239428,74.641964,0.020999
train616.jpg,train616_obj1,non_snow,129.442027,11.944372,0.081676
train617.jpg,train617_obj1,non_snow,124.842547,82.015794,0.024994
train618.jpg,train618_obj1,non_snow,175.130220,111.849359,0.024099
train619.jpg,train619_obj1,non_snow,120.756715,86.702012,0.022834
train62.jpg,train62_obj1,non_snow,105.180734,142.280220,0.000234
train620.jpg,train620_obj1,non_snow,118.727122,37.369628,0.092055
train621.jpg,train621_obj1,non_snow,132.012871,77.686037,0.042735
train622.jpg,train622_obj1,non_snow,44.348491,54.326190,0.001354
train623.jpg,train623_obj1,non_snow,160.231838,8.872761,0.310694
train624.jpg,train624_obj1,non_snow,48.798840,43.645417,0.005354
train625.jpg,train625_obj1,non_snow,161.088865,8.277186,0.310791
train626.jpg,train626_obj1,snow,168.791913,15.965842,0.442610
train627.jpg,train627_obj1,snow,166.995473,7.635442,0.383051
train628.jpg,train628_obj1,snow,168.458703,7.266630,0.404102
train629.jpg,train629_obj1,snow,166.995934,7.769692,0.387292
train63.jpg,train63_obj1,non_snow,112.451573,140.003551,0.000000
train630.jpg,train630_obj1,non_snow,132.304542,11.295807,0.008929
train631.jpg,train631_obj1,non_snow,154.754168,10.468612,0.272018
train632.jpg,train632_obj1,non_snow,126.669048,12.206797,0.008882
train633.jpg,train633_obj1,non_snow,160.189299,11.388347,0.296021
train634.jpg,train634_obj1,non_snow,137.194481,21.446187,0.235875
train635.jpg,train635_obj1,non_snow,58.624661,39.964114,0.000000
train636.jpg,train636_obj1,non_snow,161.545111,10.895287,0.332220
train637.jpg,train637_obj1,non_snow,162.258170,10.750558,0.336265
train638.jpg,train638_obj1,non_snow,164.439155,11.072852,0.344705
train639.jpg,train639_obj1,non_snow,164.513654,11.256499,0.342893
train64.jpg,train64_obj1,non_snow,112.689736,138.931345,0.000000
train640.jpg,train640_obj1,snow,165.961329,11.372238,0.367483
train641.jpg,train641_obj1,snow,168.037330,11.974947,0.397669
train642.jpg,train642_obj1,snow,171.464848,12.632199,0.450814
train643.jpg,train643_obj1,non_snow,158.840958,13.136021,0.283698
train644.jpg,train644_obj1,non_snow,159.961353,17.269275,0.216654
train645.jpg,train645_obj1,non_snow,161.258750,11.806078,0.299415
train646.jpg,train646_obj1,non_snow,42.374645,44.784016,0.000000
train647.jpg,train647_obj1,snow,202.167119,18.327114,0.806351
train648.jpg,train648_obj1,non_snow,153.230238,4.002139,0.100773
train649.jpg,train649_obj1,snow,174.623572,15.765399,0.529364
train65.jpg,train65_obj1,non_snow,105.518304,93.123766,0.017317
train650.jpg,train650_obj1,snow,175.058392,14.945059,0.517647
train651.jpg,train651_obj1,snow,176.986919,14.976427,0.548648
train652.jpg,train652_obj1,snow,184.059646,13.272850,0.650435
train653.jpg,train653_obj1,snow,185.710529,12.165412,0.684989
train654.jpg,train654_obj1,snow,183.777934,12.050141,0.651480
train655.jpg,train655_obj1,non_snow,37.058617,54.964260,0.000000
train656.jpg,train656_obj1,non_snow,145.036476,30.881810,0.069556
train657.jpg,train657_obj1,non_snow,145.048627,7.191552,0.009182
train658.jpg,train658_obj1,non_snow,144.597669,8.657260,0.010272
train659.jpg,train659_obj1,non_snow,38.440660,60.916317,0.000000
train66.jpg,train66_obj1,non_snow,97.299264,76.622791,0.006877
train660.jpg,train660_obj1,non_snow,149.543830,9.513864,0.013864
train661.jpg,train661_obj1,non_snow,118.978329,18.897471,0.002303
train662.jpg,train662_obj1,snow,172.941294,14.580156,0.662538
train663.jpg,train663_obj1,non_snow,120.046660,22.174395,0.013551
train664.jpg,train664_obj1,non_snow,119.846403,20.907376,0.016736
train665.jpg,train665_obj1,non_snow,116.584732,25.332656,0.015663
train666.jpg,train666_obj1,non_snow,37.655399,60.892391,0.000000
train667.jpg,train667_obj1,non_snow,59.627504,117.505658,0.000562
train668.jpg,train668_obj1,non_snow,49.208939,113.755266,0.004335
train669.jpg,train669_obj1,non_snow,35.455518,65.395490,0.000041
train67.jpg,train67_obj1,non_snow,104.812122,73.201434,0.011875
train670.jpg,train670_obj1,non_snow,34.601715,67.888168,0.000000
train671.jpg,train671_obj1,non_snow,50.216359,60.590087,0.000000
train672.jpg,train672_obj1,snow,170.025562,23.642102,0.644210
train673.jpg,train673_obj1,non_snow,145.323725,30.608491,0.461585
train674.jpg,train674_obj1,non_snow,150.062969,25.546580,0.526242
train675.jpg,train675_obj1,non_snow,41.332235,46.777980,0.005590
train676.jpg,train676_obj1,snow,169.115655,32.363625,0.500687
train677.jpg,train677_obj1,snow,174.528194,9.599429,0.487830
train678.jpg,train678_obj1,snow,186.649601,14.712918,0.726125
train679.jpg,train679_obj1,snow,177.959223,47.909084,0.502695
train68.jpg,train68_obj1,non_snow,127.733461,107.241068,0.088695
train680.jpg,train680_obj1,non_snow,140.820666,26.514662,0.181329
train681.jpg,train681_obj1,snow,173.257202,17.128807,0.556261
train682.jpg,train682_obj1,non_snow,151.681864,42.861172,0.447435
train683.jpg,train683_obj1,non_snow,121.557760,56.730634,0.159205
train684.jpg,train684_obj1,non_snow,185.641704,76.995026,0.003285
train685.jpg,train685_obj1,non_snow,122.782295,37.912650,0.199362
train686.jpg,train686_obj1,non_snow,35.555250,69.232322,0.000000
train687.jpg,train687_obj1,non_snow,146.429473,21.539316,0.004194
train688.jpg,train688_obj1,non_snow,78.913797,60.474186,0.119359
train689.jpg,train689_obj1,snow,174.403271,21.170760,0.654980
train69.jpg,train69_obj1,non_snow,147.825345,88.522123,0.035202
train690.jpg,train690_obj1,snow,205.306223,30.644177,0.901417
train691.jpg,train691_obj1,snow,206.464558,28.611406,0.937197
train692.jpg,train692_obj1,snow,204.140375,28.810190,0.896817
train693.jpg,train693_obj1,non_snow,127.001981,49.589401,0.010896
train694.jpg,train694_obj1,snow,202.952028,28.514689,0.909902
train695.jpg,train695_obj1,non_snow,126.870117,25.617713,0.233371
train696.jpg,train696_obj1,non_snow,134.358214,46.537154,0.028324
train697.jpg,train697_obj1,non_snow,34.191084,69.486425,0.000000
train698.jpg,train698_obj1,snow,192.037627,30.391060,0.822177
train699.jpg,train699_obj1,non_snow,134.155118,46.779212,0.038270
train7.jpg,train7_obj1,snow,170.117763,39.088117,0.547147
train70.jpg,train70_obj1,non_snow,150.084351,80.996933,0.040880
train700.jpg,train700_obj1,non_snow,164.875051,38.856890,0.470375
train701.jpg,train701_obj1,snow,165.371402,38.885036,0.471147
train702.jpg,train702_obj1,non_snow,197.128788,78.438129,0.339807
train703.jpg,train703_obj1,snow,198.706878,7.908790,0.818757
train704.jpg,train704_obj1,snow,196.907852,7.971131,0.799227
train705.jpg,train705_obj1,snow,195.949449,7.803768,0.795236
train706.jpg,train706_obj1,snow,195.672909,7.770336,0.793138
train707.jpg,train707_obj1,non_snow,100.373259,70.244295,0.072902
train708.jpg,train708_obj1,non_snow,45.665798,46.864933,0.000223
train709.jpg,train709_obj1,non_snow,142.732687,28.288781,0.028393
train71.jpg,train71_obj1,non_snow,144.298383,72.856799,0.047352
train710.jpg,train710_obj1,non_snow,142.743769,26.450156,0.045171
train711.jpg,train711_obj1,non_snow,142.559886,28.579848,0.067490
train712.jpg,train712_obj1,non_snow,87.808220,48.899212,0.004237
train713.jpg,train713_obj1,non_snow,87.574487,49.577396,0.008524
train714.jpg,train714_obj1,non_snow,78.441415,83.455046,0.047734
train715.jpg,train715_obj1,non_snow,31.683388,61.712893,0.000000
train716.jpg,train716_obj1,non_snow,77.773292,104.281854,0.039490
train717.jpg,train717_obj1,non_snow,92.338450,17.484986,0.082249
train718.jpg,train718_obj1,non_snow,60.645503,123.233520,0.001074
train719.jpg,train719_obj1,non_snow,71.622758,52.734704,0.020702
train72.jpg,train72_obj1,non_snow,52.561656,63.472770,0.000000
train720.jpg,train720_obj1,non_snow,81.914365,89.715941,0.017915
train721.jpg,train721_obj1,non_snow,82.318470,0.000000,0.045200
train722.jpg,train722_obj1,non_snow,85.300683,63.043721,0.006044
train723.jpg,train723_obj1,non_snow,72.449799,70.968456,0.017091
train724.jpg,train724_obj1,non_snow,79.906622,55.121092,0.013123
train725.jpg,train725_obj1,non_snow,96.347201,83.477081,0.015894
train726.jpg,train726_obj1,non_snow,76.746799,92.111828,0.005833
train727.jpg,train727_obj1,non_snow,110.482040,93.661507,0.019380
train728.jpg,train728_obj1,non_snow,141.034611,51.441241,0.352209
train729.jpg,train729_obj1,non_snow,96.463357,55.959358,0.090411
train73.jpg,train73_obj1,non_snow,144.090811,72.424435,0.049692
train730.jpg,train730_obj1,non_snow,87.242665,47.858535,0.025336
train731.jpg,train731_obj1,non_snow,110.783702,27.203892,0.032109
train732.jpg,train732_obj1,non_snow,74.767590,68.389745,0.020685
train733.jpg,train733_obj1,non_snow,80.872531,83.846332,0.008510
train734.jpg,train734_obj1,non_snow,88.878374,53.419195,0.007002
train735.jpg,train735_obj1,non_snow,99.403389,93.954970,0.001177
train736.jpg,train736_obj1,non_snow,95.947982,64.848105,0.029072
train737.jpg,train737_obj1,non_snow,90.212463,59.338033,0.030818
train738.jpg,train738_obj1,non_snow,101.315919,76.797461,0.017004
train739.jpg,train739_obj1,non_snow,120.542666,56.066475,0.026677
train74.jpg,train74_obj1,non_snow,143.522731,71.126282,0.056114
train740.jpg,train740_obj1,non_snow,113.683638,74.734741,0.022695
train741.jpg,train741_obj1,non_snow,116.146119,64.691700,0.028096
train742.jpg,train742_obj1,non_snow,108.209849,49.257896,0.101631
train743.jpg,train743_obj1,non_snow,86.690067,68.549832,0.006157
train744.jpg,train744_obj1,non_snow,83.107497,18.572411,0.029178
train745.jpg,train745_obj1,non_snow,94.023131,18.278484,0.043418
train746.jpg,train746_obj1,non_snow,132.545150,35.661272,0.255067
train747.jpg,train747_obj1,non_snow,82.190212,68.360812,0.081253
train748.jpg,train748_obj1,non_snow,132.469250,41.294671,0.232829
train75.jpg,train75_obj1,non_snow,128.861460,139.909922,0.004158
train76.jpg,train76_obj1,non_snow,126.757188,135.031634,0.030211
train77.jpg,train77_obj1,non_snow,122.143084,137.153066,0.004215
train78.jpg,train78_obj1,non_snow,102.732775,147.015106,0.002983
train79.jpg,train79_obj1,non_snow,89.950920,156.584954,0.001314
train8.jpg,train8_obj1,snow,165.930298,15.068742,0.484975
train80.jpg,train80_obj1,non_snow,86.848251,54.375871,0.033543
train81.jpg,train81_obj1,non_snow,93.174398,161.002530,0.000192
train82.jpg,train82_obj1,non_snow,96.325303,163.140141,0.000301
train83.jpg,train83_obj1,non_snow,111.966143,41.541267,0.062270
train84.jpg,train84_obj1,non_snow,102.172290,50.115000,0.059766
train85.jpg,train85_obj1,non_snow,106.437905,91.747113,0.043650
train86.jpg,train86_obj1,non_snow,108.553607,79.816901,0.055188
train87.jpg,train87_obj1,non_snow,97.345157,75.055346,0.037233
train88.jpg,train88_obj1,non_snow,117.781606,81.660217,0.039756
train89.jpg,train89_obj1,non_snow,108.979549,83.483310,0.040433
train9.jpg,train9_obj1,non_snow,127.721962,27.081065,0.261977
train90.jpg,train90_obj1,non_snow,86.797775,63.771152,0.012035
train91.jpg,train91_obj1,non_snow,122.989982,137.077215,0.003699
train92.jpg,train92_obj1,non_snow,116.454622,96.947008,0.005929
train93.jpg,train93_obj1,non_snow,117.610604,132.213245,0.008014
train94.jpg,train94_obj1,non_snow,105.874272,79.806509,0.070731
train95.jpg,train95_obj1,non_snow,82.782915,72.258085,0.000559
train96.jpg,train96_obj1,non_snow,117.770476,109.006907,0.016117
train97.jpg,train97_obj1,non_snow,99.063756,45.925020,0.070798
train98.jpg,train98_obj1,non_snow,100.007462,37.567509,0.051821
train99.jpg,train99_obj1,non_snow,64.862116,59.497945,0.005498
